Date,Difference,Source,Category
2023-11-18,-188.36,Crimson Corner,Government
2023-07-10,-36.33,Azure Alley,Desireables
2022-07-25,-190.12,Mercury Market,Government
2023-09-28,-128.33,Copper Cart,Government
2024-04-14,-71.99,Sapphire Superstore,Government
2022-01-13,-129.39,Violet Valley,Services
2023-10-30,-39.24,Ruby Retail,Consumables
2023-11-29,1500,Job,Work
2022-01-06,-106.61,Mercury Market,Government
2025-03-25,-85.15,Pewter Place,Government
2023-01-30,-114.72,Nickel Nook,Housing
2024-05-24,1500,Job,Work
2023-08-18,1500,Job,Work
2022-02-10,1500,Job,Work
2022-08-11,-65.49,Golden Groceries,Services
2024-11-06,-144.97,Titanium Trading,Services
2022-02-18,1500,Job,Work
2022-07-18,1500,Job,Work
2025-05-05,-141.92,Starlight Market,Government
2024-11-27,-166.2,Violet Valley,Desireables
2023-12-25,-166.78,Bronze Boutique,Housing
2022-04-20,-186.47,Golden Groceries,Government
2022-09-28,-158.05,Opal Outlet,Government
2024-05-12,-129.75,Copper Corner,Consumables
2025-06-15,-25.72,Happy Foods,Services
2023-06-25,-97.1,Copper Cart,Services
2023-06-30,-22.91,Brass Bazaar,Services
2023-05-06,-69.86,Happy Foods,Housing
2023-04-04,-83.1,Nickel Nook,Housing
2022-09-02,-148.63,Mercury Market,Desireables
2025-01-18,-101.2,Sapphire Superstore,Consumables
2022-05-26,-55.18,Golden Groceries,Services
2023-11-01,-12.69,Violet Valley,Housing
2022-09-22,-49.75,Crimson Corner,Desireables
2024-01-29,-159.5,Copper Corner,Services
2024-11-18,-38.48,Rainbow Depot,Services
2023-01-04,-11.16,Copper Corner,Desireables
2022-02-17,-11.46,Steel Store,Services
2025-05-31,-115.16,Golden Groceries,Consumables
2022-04-15,1500,Job,Work
2022-10-31,-157.63,Jade Junction,Housing
2023-11-20,-131.61,Violet Valley,Consumables
2023-10-08,-73.19,Diamond Delights,Government
2024-08-30,-42.26,Brass Bazaar,Services
2025-04-06,-175.92,Titanium Trading,Services
2023-08-01,1500,Job,Work
2022-08-14,-178.43,Topaz Trading,Desireables
2025-02-12,-7.37,Coral Co-op,Housing
2024-01-05,-110.85,Ivory Isle,Services
2024-09-12,-52.79,Amber Avenue,Desireables
2024-03-18,-89.08,Ruby Retail,Desireables
2022-04-29,-104.6,Aluminum Avenue,Housing
2024-08-06,-104.4,Turquoise Trading,Consumables
2023-05-29,-186.1,Sunshine Mart,Services
2022-11-15,-161.36,Brass Bazaar,Housing
2023-06-21,-160.53,Gold Grocery,Services
2022-04-18,-129.04,Rainbow Depot,Housing
2022-03-13,-20.08,Pearl Plaza,Services
2023-02-28,-29.31,Ruby Retail,Services
2024-04-05,-152.91,Opal Outlet,Desireables
2023-06-27,-46.39,Platinum Pantry,Housing
2023-07-22,-198.74,Pearl Plaza,Consumables
2022-06-23,1500,Job,Work
2022-07-04,-175.26,Nickel Nook,Government
2023-12-11,-161.04,Bronze Bodega,Services
2023-12-03,-146.5,Violet Valley,Government
2025-05-20,-27.16,Zinc Zone,Consumables
2025-06-13,-29.77,Topaz Trading,Government
2022-07-26,1500,Job,Work
2023-09-13,-45.16,Emerald Emporium,Consumables
2023-01-03,-60.16,Copper Corner,Housing
2022-10-02,1500,Job,Work
2025-03-13,-123.28,Magenta Market,Housing
2022-10-24,-79.63,Brass Bazaar,Housing
2024-03-27,-127.84,Brass Bazaar,Desireables
2023-08-25,-184.73,Silver Shop,Consumables
2024-07-14,-98.86,Violet Valley,Desireables
2023-03-23,1500,Job,Work
2025-03-20,-19.42,Violet Valley,Government
2022-07-01,-128.93,Topaz Trading,Government
2022-11-18,-102.28,Golden Groceries,Housing
2025-06-19,-28.28,Violet Valley,Services
2025-05-26,-60.91,Happy Foods,Housing
2023-08-23,-70.56,Mercury Market,Government
2024-11-25,-156.73,Tin Trading,Housing
2024-07-21,-154.6,Topaz Trading,Consumables
2024-10-11,-182.01,Nickel Nook,Housing
2023-03-27,-127.55,Emerald Emporium,Consumables
2023-10-15,-37.05,Happy Foods,Desireables
2023-06-22,-41.2,Ebony Emporium,Services
2022-08-08,-82.22,Silver Shop,Consumables
2025-01-04,-11.95,Amber Avenue,Services
2022-01-27,-40.77,Turquoise Trading,Consumables
2023-11-28,1500,Job,Work
2023-02-08,-186.4,Opal Outlet,Services
2025-04-07,1500,Job,Work
2024-05-05,-64.72,Sapphire Superstore,Desireables
2023-03-05,1500,Job,Work
2022-04-27,-42.49,Violet Valley,Consumables
2025-01-30,-32.35,Copper Corner,Consumables
2024-09-13,1500,Job,Work
2024-05-01,-84.57,Steel Store,Government
2023-05-08,-48.51,Coral Co-op,Consumables
2024-12-19,-143.7,Coral Co-op,Consumables
2024-06-11,-42.52,Zinc Zone,Housing
2023-11-17,-164.95,Mercury Market,Services
2024-09-27,-19.17,Steel Store,Government
2025-06-13,-142.73,Gold Grocery,Government
2023-08-08,-152.97,Magenta Market,Services
2022-10-10,-46.85,Gold Grocery,Services
2022-11-03,-133.95,Bronze Boutique,Services
2022-04-02,1500,Job,Work
2023-07-04,-188.47,Ebony Emporium,Services
2025-03-30,1500,Job,Work
2024-12-27,-175.0,Pearl Plaza,Consumables
2024-01-06,1500,Job,Work
2024-08-16,1500,Job,Work
2025-03-18,-101.09,Crimson Corner,Services
2023-05-07,-123.72,Magenta Market,Housing
2022-05-02,-125.49,Jade Junction,Desireables
2024-08-15,-63.91,Golden Groceries,Government
2023-08-28,-122.32,Nickel Nook,Services
2025-03-08,-98.41,Ivory Isle,Desireables
2023-10-22,-16.02,Copper Cart,Desireables
2024-07-26,-174.88,Titanium Trading,Government
2024-12-17,-46.43,Copper Cart,Services
2023-04-07,-66.12,Bronze Bodega,Housing
2023-06-06,1500,Job,Work
2023-03-06,-148.0,Happy Foods,Services
2023-10-11,-130.61,Brass Bazaar,Services
2024-09-19,-9.62,Bronze Boutique,Government
2023-02-17,-41.23,Ruby Retail,Desireables
2025-06-13,1500,Job,Work
2023-02-22,-162.79,Topaz Trading,Consumables
2024-12-07,-135.49,Tin Trading,Services
2024-12-31,1500,Job,Work
2023-08-15,-169.77,Ruby Retail,Desireables
2024-06-24,-132.31,Copper Cart,Consumables
2024-09-22,-118.19,Azure Alley,Consumables
2023-03-29,-191.9,Ebony Emporium,Services
2023-03-07,-153.16,Sunshine Mart,Housing
2022-08-31,-62.78,Diamond Delights,Services
2025-04-14,-82.75,Copper Corner,Housing
2023-08-16,-79.17,Violet Valley,Desireables
2023-03-09,-75.33,Starlight Market,Housing
2025-05-15,-123.16,Gold Grocery,Desireables
2023-08-12,-108.39,Amber Avenue,Services
2024-03-18,-132.22,Lavender Lane,Consumables
2024-11-21,-190.47,Sunshine Mart,Consumables
2025-03-17,-125.27,Bronze Boutique,Housing
2022-04-12,1500,Job,Work
2024-01-05,-129.01,Brass Bazaar,Services
2024-08-05,-105.52,Violet Valley,Consumables
2022-09-12,-148.98,Zinc Zone,Desireables
2023-04-30,-113.07,Aluminum Avenue,Government
2025-04-18,-46.11,Rainbow Depot,Desireables
2024-08-30,-21.48,Turquoise Trading,Government
2023-03-10,1500,Job,Work
2023-12-16,-189.52,Pearl Plaza,Services
2023-01-13,-64.71,Brass Bazaar,Consumables
2024-07-01,1500,Job,Work
2022-04-06,1500,Job,Work
2025-05-19,-110.16,Magenta Market,Government
2024-08-28,1500,Job,Work
2023-12-05,-91.91,Coral Co-op,Housing
2024-04-17,-68.02,Copper Cart,Services
2022-06-30,-142.7,Nickel Nook,Desireables
2024-10-03,1500,Job,Work
2025-02-23,-48.88,Lavender Lane,Services
2025-01-16,-136.18,Copper Corner,Services
2023-08-20,-22.29,Copper Cart,Housing
2022-05-04,-135.15,Diamond Delights,Housing
2024-08-11,1500,Job,Work
2024-04-16,-48.5,Nickel Nook,Services
2024-03-25,1500,Job,Work
2024-05-27,-164.77,Lavender Lane,Services
2022-10-29,-178.46,Mercury Market,Services
2023-12-04,-171.42,Mercury Market,Consumables
2024-11-16,-198.03,Titanium Trading,Housing
2022-03-18,1500,Job,Work
2022-02-12,-13.72,Bronze Bodega,Housing
2024-09-18,-101.16,Pearl Plaza,Housing
2024-09-05,-111.01,Crimson Corner,Services
2022-09-09,-169.68,Magenta Market,Desireables
2025-05-24,-188.56,Pewter Place,Services
2023-09-17,-184.89,Opal Outlet,Government
2024-05-02,-131.72,Platinum Pantry,Desireables
2024-11-04,-47.38,Pewter Place,Consumables
2023-07-29,-42.11,Topaz Trading,Desireables
2024-08-30,-187.79,Nickel Nook,Consumables
2022-09-23,-188.91,Jade Junction,Services
2025-03-18,-116.84,Tin Trading,Desireables
2025-02-17,1500,Job,Work
2022-04-30,-148.85,Copper Cart,Government
2023-03-19,-55.28,Brass Bazaar,Government
2025-04-17,-143.65,Copper Cart,Services
2023-02-25,1500,Job,Work
2022-04-19,-113.25,Copper Cart,Government
2022-01-13,1500,Job,Work
2025-01-01,-30.05,Bronze Bodega,Housing
2022-05-14,-190.34,Silver Shop,Services
2023-08-04,-64.15,Aluminum Avenue,Desireables
2024-03-24,-173.75,Turquoise Trading,Services
2024-12-12,-57.22,Mercury Market,Housing
2022-04-30,-176.03,Platinum Pantry,Services
2024-12-27,-138.03,Brass Bazaar,Government
2025-05-28,-179.1,Turquoise Trading,Consumables
2022-11-16,-143.64,Opal Outlet,Desireables
2024-03-14,-10.26,Steel Store,Housing
2025-03-10,-116.29,Mercury Market,Consumables
2025-04-21,-137.59,Silver Shop,Services
2025-06-25,-57.7,Copper Cart,Services
2023-05-11,-10.66,Gold Grocery,Consumables
2024-01-20,-178.32,Copper Cart,Government
2024-11-03,1500,Job,Work
2023-05-21,-165.43,Emerald Emporium,Housing
2022-03-16,-161.67,Happy Foods,Services
2023-07-26,-76.37,Lavender Lane,Government
2023-06-02,-112.15,Zinc Zone,Desireables
2022-04-04,-140.41,Rainbow Depot,Services
2024-08-16,-46.94,Tin Trading,Consumables
2024-11-19,-83.49,Bronze Bodega,Consumables
2023-10-28,-147.14,Starlight Market,Desireables
2024-02-25,-92.34,Coral Co-op,Desireables
2025-05-02,-32.18,Brass Bazaar,Housing
2025-02-27,1500,Job,Work
2024-08-11,-64.73,Platinum Pantry,Consumables
2024-01-10,-27.54,Happy Foods,Consumables
2022-08-06,-161.94,Coral Co-op,Services
2023-11-02,-196.14,Opal Outlet,Housing
2023-11-05,1500,Job,Work
2022-02-02,-131.58,Turquoise Trading,Services
2025-04-12,-147.07,Copper Corner,Government
2024-06-14,-23.4,Bronze Boutique,Services
2022-03-26,-112.82,Happy Foods,Services
2024-10-28,-168.81,Gold Grocery,Government
2024-09-28,-152.04,Diamond Delights,Desireables
2023-05-14,-165.15,Lavender Lane,Desireables
2023-07-30,1500,Job,Work
2022-11-11,-173.42,Rainbow Depot,Services
2023-04-16,-144.86,Silver Spoon Store,Housing
2022-11-17,-46.48,Jade Junction,Housing
2024-12-06,1500,Job,Work
2024-12-17,-9.02,Zinc Zone,Consumables
2022-07-11,-188.42,Lavender Lane,Housing
2022-07-26,-135.93,Emerald Emporium,Desireables
2024-07-24,-123.72,Platinum Pantry,Services
2024-09-05,-78.54,Pearl Plaza,Services
2022-09-18,-51.91,Sunshine Mart,Desireables
2023-07-02,-144.15,Turquoise Trading,Desireables
2025-06-29,1500,Job,Work
2024-05-30,-161.44,Bronze Bodega,Government
2024-01-03,-32.58,Silver Shop,Desireables
2022-02-10,-177.32,Azure Alley,Desireables
2024-07-07,-164.67,Platinum Pantry,Housing
2024-07-19,1500,Job,Work
2022-10-23,-69.54,Sapphire Superstore,Government
2023-12-11,-18.95,Titanium Trading,Housing
2025-02-24,-159.38,Copper Corner,Desireables
2024-08-28,-62.06,Mercury Market,Services
2023-03-03,-170.49,Diamond Delights,Desireables
2024-04-30,-172.08,Azure Alley,Government
2023-12-15,-69.48,Ruby Retail,Government
2023-02-15,-101.93,Rainbow Depot,Consumables
2024-12-18,-170.65,Titanium Trading,Services
2025-05-20,-143.45,Diamond Delights,Consumables
2022-02-18,-31.17,Ruby Retail,Consumables
2024-03-27,-149.79,Crimson Corner,Housing
2024-10-02,-64.77,Platinum Pantry,Desireables
2024-03-30,1500,Job,Work
2023-06-09,1500,Job,Work
2023-12-12,-88.08,Diamond Delights,Services
2023-08-18,-176.71,Diamond Delights,Consumables
2025-04-06,-6.3,Copper Corner,Services
2023-01-17,-114.81,Pearl Plaza,Consumables
2024-06-15,-160.82,Sunshine Mart,Government
2023-04-12,1500,Job,Work
2022-11-07,-71.78,Magenta Market,Housing
2023-02-16,-189.17,Coral Co-op,Services
2022-02-19,-132.54,Rainbow Depot,Government
2023-02-19,-37.96,Bronze Boutique,Housing
2022-02-27,-198.54,Pewter Place,Desireables
2024-01-07,-61.83,Brass Bazaar,Desireables
2024-07-20,-26.57,Aluminum Avenue,Desireables
2022-11-09,1500,Job,Work
2023-09-01,-82.26,Platinum Pantry,Housing
2023-09-17,1500,Job,Work
2022-02-20,-111.66,Sapphire Superstore,Services
2023-05-11,-180.71,Happy Foods,Desireables
2023-07-21,-183.63,Golden Groceries,Housing
2022-06-15,1500,Job,Work
2024-11-28,-140.86,Sapphire Superstore,Consumables
2022-09-13,1500,Job,Work
2024-05-10,1500,Job,Work
2023-02-07,-161.22,Tin Trading,Services
2023-12-15,-159.67,Silver Shop,Government
2023-10-27,1500,Job,Work
2024-03-06,-138.4,Diamond Delights,Government
2023-11-06,-34.25,Opal Outlet,Government
2025-02-05,-189.57,Diamond Delights,Government
2022-05-05,-76.75,Opal Outlet,Desireables
2023-05-28,-21.7,Silver Shop,Desireables
2023-04-03,-113.86,Happy Foods,Housing
2023-06-22,1500,Job,Work
2024-11-09,-65.35,Magenta Market,Consumables
2025-04-21,1500,Job,Work
2024-01-01,1500,Job,Work
2022-10-17,-26.44,Nickel Nook,Consumables
2024-02-11,-77.91,Jade Junction,Consumables
2025-01-13,-106.93,Titanium Trading,Government
2024-09-14,-159.14,Opal Outlet,Housing
2024-11-17,-143.69,Lavender Lane,Housing
2024-08-23,1500,Job,Work
2023-04-24,-136.62,Opal Outlet,Housing
2023-11-11,-45.67,Pearl Plaza,Housing
2024-12-22,-191.77,Zinc Zone,Desireables
2022-02-07,-123.29,Magenta Market,Services
2022-05-13,-131.2,Ruby Retail,Government
2024-05-12,-68.24,Zinc Zone,Consumables
2024-08-28,-101.82,Opal Outlet,Housing
2023-10-14,-106.21,Bronze Boutique,Housing
2023-04-23,-15.34,Coral Co-op,Government
2023-07-27,1500,Job,Work
2024-06-09,-125.36,Amber Avenue,Services
2025-04-08,1500,Job,Work
2025-02-23,-127.62,Platinum Pantry,Desireables
2023-09-28,-82.63,Rainbow Depot,Housing
2024-09-10,-192.83,Brass Bazaar,Government
2024-02-09,1500,Job,Work
2022-11-14,1500,Job,Work
2023-01-19,-95.63,Silver Shop,Housing
2023-01-26,-73.23,Lavender Lane,Services
2022-08-29,-130.73,Bronze Bodega,Desireables
2023-09-18,-29.22,Violet Valley,Services
2024-01-31,-36.83,Emerald Emporium,Services
2024-07-07,-184.29,Brass Bazaar,Housing
2024-12-18,-35.43,Magenta Market,Housing
2022-01-23,-125.9,Pewter Place,Consumables
2024-01-27,-163.21,Sunshine Mart,Government
2024-08-09,-196.54,Bronze Bodega,Consumables
2023-12-26,-78.67,Zinc Zone,Desireables
2022-03-30,-130.08,Crimson Corner,Services
2022-09-15,-179.9,Bronze Bodega,Services
2023-10-10,-67.8,Crimson Corner,Housing
2022-06-06,-41.29,Bronze Boutique,Government
2023-11-16,-34.23,Topaz Trading,Housing
2024-09-25,1500,Job,Work
2023-08-22,-101.37,Mercury Market,Government
2024-11-19,-138.47,Ivory Isle,Government
2023-10-07,-16.39,Aluminum Avenue,Services
2022-08-07,1500,Job,Work
2024-10-21,-161.67,Golden Groceries,Consumables
2023-01-01,-31.62,Azure Alley,Services
2022-05-04,-11.54,Steel Store,Government
2025-01-12,1500,Job,Work
2025-06-25,-109.85,Silver Spoon Store,Services
2024-03-22,-94.09,Aluminum Avenue,Consumables
2024-02-23,-98.19,Azure Alley,Desireables
2022-04-23,-66.95,Mercury Market,Housing
2022-05-21,-199.96,Aluminum Avenue,Desireables
2024-10-21,-140.95,Ruby Retail,Government
2025-07-02,-74.68,Starlight Market,Services
2023-03-06,-130.64,Lavender Lane,Services
2023-04-09,-176.16,Brass Bazaar,Government
2025-01-25,-162.0,Azure Alley,Housing
2022-04-20,1500,Job,Work
2025-05-23,1500,Job,Work
2024-04-13,1500,Job,Work
2025-06-21,-95.31,Opal Outlet,Services
2024-05-19,-127.29,Tin Trading,Consumables
2023-01-22,-11.07,Violet Valley,Desireables
2023-05-28,-73.55,Diamond Delights,Desireables
2023-11-11,1500,Job,Work
2024-07-26,-33.78,Crimson Corner,Desireables
2022-10-04,-53.15,Silver Spoon Store,Housing
2024-03-09,-102.6,Zinc Zone,Housing
2023-07-22,-124.88,Golden Groceries,Services
2025-01-08,-101.3,Jade Junction,Housing
2022-07-09,-136.91,Titanium Trading,Services
2023-12-07,-9.3,Mercury Market,Consumables
2022-11-24,-189.13,Golden Groceries,Services
2022-03-04,-172.33,Rainbow Depot,Desireables
2022-08-13,-189.46,Titanium Trading,Housing
2024-07-29,-184.94,Azure Alley,Government
2025-04-22,1500,Job,Work
2023-07-23,-174.54,Ebony Emporium,Housing
2024-12-26,-189.85,Pewter Place,Government
2023-01-26,-167.49,Coral Co-op,Housing
2022-06-01,-78.97,Azure Alley,Government
2024-02-17,-140.15,Copper Cart,Desireables
2023-11-14,1500,Job,Work
2022-11-03,1500,Job,Work
2024-11-15,-74.4,Steel Store,Services
2023-04-22,-138.09,Zinc Zone,Consumables
2024-03-01,-80.5,Ruby Retail,Consumables
2025-05-13,-53.51,Bronze Boutique,Services
2022-02-09,-64.86,Steel Store,Services
2022-03-26,-106.61,Mercury Market,Housing
2023-12-21,-17.01,Diamond Delights,Government
2023-03-11,1500,Job,Work
2024-06-17,1500,Job,Work
2025-05-01,-195.05,Golden Groceries,Consumables
2024-06-30,1500,Job,Work
2024-09-03,-45.6,Silver Shop,Services
2023-03-07,-184.28,Golden Groceries,Government
2023-09-22,-173.33,Ruby Retail,Services
2024-07-27,-16.56,Titanium Trading,Housing
2022-11-01,-130.89,Steel Store,Housing
2023-03-07,-154.68,Silver Spoon Store,Desireables
2024-03-26,1500,Job,Work
2022-10-07,-112.46,Gold Grocery,Desireables
2022-04-07,-190.18,Mercury Market,Services
2022-10-01,-114.27,Titanium Trading,Housing
2024-12-23,-126.44,Crimson Corner,Government
2022-12-06,-44.33,Turquoise Trading,Services
2023-09-22,-127.31,Platinum Pantry,Services
2024-12-30,-21.05,Gold Grocery,Housing
2025-05-16,-115.14,Magenta Market,Housing
2022-12-28,-10.23,Zinc Zone,Government
2024-10-02,-115.9,Jade Junction,Desireables
2023-06-04,-109.57,Bronze Boutique,Housing
2022-07-13,-55.76,Bronze Boutique,Desireables
2023-03-19,-46.2,Nickel Nook,Housing
2024-07-05,-18.91,Bronze Boutique,Desireables
2023-11-12,-170.44,Silver Shop,Government
2024-07-02,-109.13,Lavender Lane,Government
2024-04-30,-165.34,Silver Shop,Housing
2024-11-19,-155.48,Bronze Boutique,Services
2023-11-10,-107.69,Copper Corner,Desireables
2022-02-02,-161.74,Ruby Retail,Services
2022-01-24,-66.3,Titanium Trading,Government
2024-11-25,-91.82,Jade Junction,Housing
2022-03-07,-117.05,Rainbow Depot,Consumables
2024-11-08,-176.67,Sunshine Mart,Services
2025-07-02,-162.06,Emerald Emporium,Government
2023-08-01,1500,Job,Work
2024-03-28,1500,Job,Work
2024-01-14,-11.45,Ivory Isle,Services
2022-03-06,-81.21,Emerald Emporium,Housing
2025-03-25,-139.73,Platinum Pantry,Consumables
2023-09-27,-96.31,Amber Avenue,Housing
2022-03-02,-26.63,Steel Store,Services
2023-12-31,-116.19,Magenta Market,Consumables
2024-07-13,-156.47,Coral Co-op,Services
2022-01-22,-191.9,Ivory Isle,Desireables
2022-11-03,-108.05,Nickel Nook,Government
2024-06-28,-94.35,Zinc Zone,Services
2023-09-18,1500,Job,Work
2024-02-17,-16.0,Ivory Isle,Services
2024-05-18,1500,Job,Work
2023-05-28,-109.58,Mercury Market,Services
2025-03-21,-132.67,Silver Shop,Desireables
2024-07-06,-171.22,Silver Shop,Consumables
2024-02-29,-49.63,Rainbow Depot,Housing
2024-04-03,-116.99,Coral Co-op,Services
2025-03-24,-46.32,Tin Trading,Housing
2023-02-26,-79.98,Copper Corner,Desireables
2023-03-23,-93.08,Turquoise Trading,Services
2025-05-27,-23.29,Brass Bazaar,Government
2022-02-08,1500,Job,Work
2022-01-02,1500,Job,Work
2024-12-17,1500,Job,Work
2022-08-31,-130.78,Titanium Trading,Desireables
2022-09-15,-165.55,Platinum Pantry,Desireables
2023-03-29,-80.1,Titanium Trading,Housing
2024-08-20,-73.8,Happy Foods,Desireables
2022-03-03,-177.62,Tin Trading,Desireables
2025-02-17,-33.48,Steel Store,Housing
2023-11-14,-92.79,Gold Grocery,Services
2024-11-29,-177.68,Crimson Corner,Government
2022-01-11,-51.24,Rainbow Depot,Consumables
2025-04-13,-139.5,Amber Avenue,Government
2022-11-08,-75.31,Titanium Trading,Consumables
2022-01-05,-145.81,Ivory Isle,Housing
2024-11-21,-43.49,Lavender Lane,Consumables
2022-09-24,-41.0,Zinc Zone,Government
2024-02-05,-183.67,Pewter Place,Desireables
2025-02-25,-94.69,Emerald Emporium,Desireables
2022-12-18,-175.02,Copper Corner,Desireables
2023-06-29,-60.36,Diamond Delights,Housing
2025-02-21,1500,Job,Work
2023-10-05,-155.2,Sunshine Mart,Services
2024-07-10,-187.58,Ruby Retail,Housing
2022-05-26,-26.45,Gold Grocery,Desireables
2024-06-05,-101.9,Violet Valley,Desireables
2025-06-09,-78.05,Ebony Emporium,Consumables
2023-10-11,-181.96,Sapphire Superstore,Services
2025-02-05,-12.16,Ruby Retail,Housing
2024-03-03,-74.39,Turquoise Trading,Desireables
2025-05-08,-107.99,Sunshine Mart,Services
2022-10-09,-65.35,Titanium Trading,Government
2025-04-27,-134.32,Copper Cart,Housing
2025-01-22,1500,Job,Work
2023-08-30,-137.33,Bronze Bodega,Housing
2024-07-18,-118.03,Gold Grocery,Consumables
2023-10-02,-135.37,Nickel Nook,Services
2023-05-05,-126.41,Turquoise Trading,Government
2024-02-27,1500,Job,Work
2025-06-23,-33.52,Golden Groceries,Government
2025-05-08,-180.64,Brass Bazaar,Consumables
2024-06-23,-60.68,Bronze Bodega,Government
2025-05-08,-182.2,Bronze Bodega,Housing
2022-01-02,-136.1,Ebony Emporium,Consumables
2024-03-28,-135.24,Turquoise Trading,Services
2022-12-30,-53.7,Silver Spoon Store,Services
2023-02-21,-89.56,Aluminum Avenue,Services
2024-05-29,-38.24,Pewter Place,Consumables
2022-03-10,-125.36,Pearl Plaza,Desireables
2022-07-15,-7.13,Sapphire Superstore,Housing
2023-02-11,-159.95,Topaz Trading,Housing
2023-10-08,1500,Job,Work
2024-11-26,-147.6,Platinum Pantry,Consumables
2022-06-04,1500,Job,Work
2023-08-01,-100.35,Pewter Place,Government
2025-03-13,-156.7,Rainbow Depot,Desireables
2022-07-12,-43.94,Ivory Isle,Desireables
2023-04-10,-48.94,Happy Foods,Government
2023-07-27,-138.31,Bronze Bodega,Desireables
2024-02-28,-173.92,Copper Corner,Housing
2025-01-07,-103.7,Topaz Trading,Desireables
2024-04-23,-125.48,Opal Outlet,Desireables
2024-05-04,-139.36,Emerald Emporium,Desireables
2024-09-26,-96.14,Gold Grocery,Housing
2024-01-12,-105.77,Pearl Plaza,Desireables
2022-07-29,-103.28,Bronze Boutique,Housing
2022-09-12,-29.91,Violet Valley,Consumables
2022-02-12,-139.01,Crimson Corner,Government
2024-04-14,-199.86,Ebony Emporium,Government
2022-05-06,-53.13,Violet Valley,Housing
2024-08-04,-183.82,Ebony Emporium,Government
2024-07-28,-89.95,Ruby Retail,Services
2024-01-13,-99.39,Ivory Isle,Services
2023-09-11,-151.04,Silver Shop,Desireables
2023-09-15,-25.28,Nickel Nook,Desireables
2022-12-23,-174.31,Rainbow Depot,Desireables
2024-04-29,1500,Job,Work
2024-07-04,-56.54,Ruby Retail,Desireables
2025-01-07,-64.15,Coral Co-op,Housing
2022-04-07,-123.46,Diamond Delights,Consumables
2024-01-29,-58.08,Sunshine Mart,Services
2024-10-09,-64.1,Rainbow Depot,Services
2022-07-29,-76.66,Steel Store,Housing
2022-08-24,-157.36,Happy Foods,Services
2022-11-04,-165.15,Ruby Retail,Housing
2025-01-17,-93.18,Amber Avenue,Government
2022-08-17,-164.74,Platinum Pantry,Housing
2025-03-31,-130.56,Sapphire Superstore,Housing
2023-10-25,1500,Job,Work
2025-02-12,-133.29,Copper Corner,Desireables
2023-12-30,-106.07,Silver Shop,Consumables
2025-04-13,-86.39,Crimson Corner,Consumables
2024-12-21,-103.56,Emerald Emporium,Desireables
2024-08-03,-106.35,Golden Groceries,Government
2022-07-09,1500,Job,Work
2024-02-12,-190.64,Pearl Plaza,Desireables
2023-09-02,1500,Job,Work
2025-01-03,1500,Job,Work
2022-03-17,-38.36,Gold Grocery,Consumables
2022-01-08,1500,Job,Work
2023-02-06,-177.05,Lavender Lane,Consumables
2022-06-04,-51.92,Diamond Delights,Consumables
2025-03-25,-53.53,Mercury Market,Services
2023-02-08,-94.5,Nickel Nook,Consumables
2022-11-05,-148.66,Copper Corner,Housing
2024-09-20,-133.2,Zinc Zone,Consumables
2025-06-18,-196.36,Topaz Trading,Services
2025-05-08,1500,Job,Work
2024-05-01,-137.08,Pewter Place,Services
2025-04-17,-15.61,Lavender Lane,Government
2025-04-27,-19.42,Topaz Trading,Government
2024-08-04,-101.57,Steel Store,Housing
2023-07-29,-18.07,Ruby Retail,Government
2024-01-05,1500,Job,Work
2023-10-30,-35.5,Sapphire Superstore,Consumables
2023-10-27,-149.7,Pewter Place,Government
2024-08-19,1500,Job,Work
2023-09-14,-125.24,Brass Bazaar,Housing
2025-06-09,-151.38,Pearl Plaza,Housing
2022-03-21,-110.62,Aluminum Avenue,Desireables
2022-02-05,-73.22,Ivory Isle,Government
2023-06-14,-5.62,Starlight Market,Consumables
2022-08-27,1500,Job,Work
2024-08-07,-23.07,Ebony Emporium,Services
2023-02-04,1500,Job,Work
2024-08-02,-187.74,Copper Cart,Housing
2022-10-18,-56.56,Golden Groceries,Desireables
2024-09-17,-115.63,Silver Shop,Services
2024-12-04,-33.86,Opal Outlet,Consumables
2024-05-06,-189.99,Starlight Market,Housing
2024-09-13,-90.86,Sapphire Superstore,Services
2024-12-29,-167.09,Copper Cart,Services
2023-02-14,-164.11,Coral Co-op,Housing
2024-08-05,1500,Job,Work
2022-10-14,-63.96,Zinc Zone,Desireables
2022-09-02,-79.77,Steel Store,Services
2025-03-20,-111.19,Violet Valley,Housing
2023-01-25,-21.87,Copper Cart,Services
2023-02-26,-188.53,Bronze Bodega,Housing
2024-01-28,-157.07,Brass Bazaar,Desireables
2024-09-18,-149.9,Topaz Trading,Services
2024-10-08,-193.08,Amber Avenue,Services
2022-03-01,-76.8,Copper Cart,Housing
2022-01-03,-183.67,Sapphire Superstore,Desireables
2022-03-26,1500,Job,Work
2023-06-19,-28.23,Emerald Emporium,Government
2023-03-29,-54.2,Ebony Emporium,Government
2025-01-18,-149.54,Nickel Nook,Desireables
2023-06-09,-18.61,Rainbow Depot,Government
2023-02-18,1500,Job,Work
2024-05-11,-83.69,Nickel Nook,Services
2022-09-15,-148.54,Jade Junction,Consumables
2023-05-20,-120.48,Topaz Trading,Consumables
2022-11-09,1500,Job,Work
2025-03-11,1500,Job,Work
2023-04-30,-49.4,Bronze Bodega,Consumables
2022-09-27,-161.85,Opal Outlet,Consumables
2022-06-23,-29.18,Crimson Corner,Services
2022-05-21,-138.8,Rainbow Depot,Housing
2023-01-10,-136.41,Platinum Pantry,Services
2022-09-15,-56.31,Violet Valley,Housing
2024-01-17,-49.5,Gold Grocery,Services
2022-11-21,-97.52,Nickel Nook,Government
2022-10-11,-73.78,Silver Spoon Store,Consumables
2022-03-30,-40.65,Happy Foods,Government
2022-01-10,-190.24,Azure Alley,Government
2022-07-24,-150.27,Pearl Plaza,Consumables
2024-09-26,1500,Job,Work
2025-03-10,1500,Job,Work
2023-10-01,1500,Job,Work
2024-11-01,1500,Job,Work
2024-02-13,1500,Job,Work
2024-11-05,-152.27,Silver Spoon Store,Government
2025-05-24,1500,Job,Work
2022-08-31,-105.38,Copper Corner,Desireables
2022-11-04,-8.6,Gold Grocery,Desireables
2023-04-19,1500,Job,Work
2022-02-07,-31.59,Pewter Place,Services
2023-12-10,-13.44,Turquoise Trading,Consumables
2024-04-24,-161.74,Magenta Market,Desireables
2023-06-10,1500,Job,Work
2022-07-13,-69.72,Mercury Market,Housing
2024-05-31,-111.16,Rainbow Depot,Consumables
2025-01-19,-77.38,Jade Junction,Housing
2022-11-20,-23.97,Aluminum Avenue,Government
2023-09-22,-23.81,Happy Foods,Consumables
2023-06-06,-73.65,Bronze Bodega,Services
2022-02-19,1500,Job,Work
2024-11-28,-14.67,Gold Grocery,Services
2024-12-07,-106.63,Happy Foods,Services
2024-03-16,-190.78,Bronze Boutique,Desireables
2022-03-01,-13.11,Platinum Pantry,Housing
2024-09-17,-8.45,Sunshine Mart,Housing
2023-11-23,1500,Job,Work
2022-01-23,-170.03,Titanium Trading,Housing
2023-11-09,-70.91,Turquoise Trading,Government
2024-10-27,-107.96,Silver Spoon Store,Consumables
2024-10-02,1500,Job,Work
2025-01-10,-135.6,Zinc Zone,Consumables
2023-07-16,-85.71,Happy Foods,Housing
2022-11-15,-131.11,Lavender Lane,Services
2023-08-08,-199.32,Pewter Place,Services
2025-05-22,-25.13,Violet Valley,Services
2022-05-09,-96.97,Bronze Bodega,Housing
2022-05-23,-112.13,Copper Cart,Government
2024-04-06,-164.32,Silver Spoon Store,Government
2024-01-08,-108.05,Opal Outlet,Services
2023-12-20,-24.15,Bronze Boutique,Housing
2024-12-04,-104.75,Ruby Retail,Housing
2024-03-23,-126.16,Turquoise Trading,Desireables
2024-07-11,-193.86,Coral Co-op,Government
2023-09-10,-166.93,Emerald Emporium,Government
2024-07-29,1500,Job,Work
2025-04-25,-153.06,Aluminum Avenue,Desireables
2023-06-09,-82.47,Azure Alley,Government
2023-03-22,-130.65,Diamond Delights,Government
2024-11-03,-55.83,Amber Avenue,Services
2025-01-23,-157.04,Ebony Emporium,Housing
2025-03-11,-27.08,Coral Co-op,Desireables
2023-03-20,-77.87,Jade Junction,Services
2023-09-05,-23.07,Bronze Boutique,Services
2025-04-22,1500,Job,Work
2024-07-17,-49.66,Violet Valley,Consumables
2023-11-14,1500,Job,Work
2022-12-31,-105.18,Turquoise Trading,Consumables
2022-12-17,-114.44,Copper Cart,Services
2022-08-04,-160.79,Zinc Zone,Desireables
2024-07-08,-157.56,Ebony Emporium,Services
2024-02-14,-155.1,Coral Co-op,Housing
2024-06-28,-35.59,Copper Corner,Consumables
2022-07-27,-93.32,Aluminum Avenue,Consumables
2023-07-08,-57.97,Brass Bazaar,Desireables
2025-01-16,-39.66,Titanium Trading,Government
2022-12-25,-66.69,Lavender Lane,Desireables
2023-09-27,-82.03,Pewter Place,Desireables
2023-07-15,1500,Job,Work
2025-03-20,1500,Job,Work
2024-01-11,-168.52,Gold Grocery,Consumables
2023-10-24,-51.16,Titanium Trading,Housing
2024-08-08,-10.22,Opal Outlet,Consumables
2023-08-01,-145.37,Ebony Emporium,Housing
2022-12-04,-130.52,Topaz Trading,Desireables
2023-01-30,-135.11,Bronze Bodega,Desireables
2023-05-22,1500,Job,Work
2024-08-06,1500,Job,Work
2025-04-15,-82.45,Starlight Market,Government
2024-05-25,-141.8,Starlight Market,Government
2024-08-01,-167.68,Silver Shop,Services
2023-03-05,1500,Job,Work
2023-08-26,-184.31,Sunshine Mart,Desireables
2022-10-10,-120.15,Emerald Emporium,Housing
2023-11-27,-176.35,Tin Trading,Consumables
2023-12-23,-138.68,Sapphire Superstore,Government
2025-05-06,-127.65,Silver Spoon Store,Desireables
2024-07-25,-63.19,Gold Grocery,Government
2023-12-31,-144.79,Jade Junction,Government
2022-02-26,-64.28,Mercury Market,Services
2023-02-26,-119.18,Lavender Lane,Government
2024-03-17,-197.71,Silver Spoon Store,Housing
2023-06-25,-169.57,Diamond Delights,Services
2025-06-02,1500,Job,Work
2024-04-27,-64.97,Steel Store,Housing
2024-09-12,-186.3,Azure Alley,Housing
2022-01-17,-105.85,Steel Store,Housing
2022-10-27,-57.83,Ebony Emporium,Housing
2025-01-27,-123.65,Coral Co-op,Government
2024-01-29,-42.35,Crimson Corner,Consumables
2023-09-07,1500,Job,Work
2023-07-27,1500,Job,Work
2022-07-11,-176.02,Diamond Delights,Housing
2024-09-05,1500,Job,Work
2025-01-13,-38.44,Lavender Lane,Consumables
2024-12-30,-101.49,Golden Groceries,Government
2023-08-31,1500,Job,Work
2024-04-17,-151.32,Jade Junction,Housing
2023-04-26,1500,Job,Work
2022-06-05,-43.82,Tin Trading,Desireables
2022-01-10,1500,Job,Work
2024-08-31,1500,Job,Work
2025-06-30,-75.73,Platinum Pantry,Desireables
2022-02-28,-77.61,Sunshine Mart,Services
2023-10-30,-106.88,Aluminum Avenue,Services
2023-08-06,1500,Job,Work
2024-04-06,-92.57,Gold Grocery,Government
2022-04-10,-102.55,Titanium Trading,Desireables
2024-11-01,-40.17,Happy Foods,Desireables
2023-12-23,1500,Job,Work
2024-01-18,-102.04,Rainbow Depot,Desireables
2022-05-04,-111.27,Brass Bazaar,Desireables
2025-04-13,-158.22,Ruby Retail,Services
2025-04-12,1500,Job,Work
2023-03-11,-151.77,Diamond Delights,Desireables
2022-05-24,-109.33,Crimson Corner,Housing
2023-03-14,-22.46,Copper Corner,Consumables
2024-02-13,-40.44,Azure Alley,Services
2022-07-24,-22.97,Ruby Retail,Consumables
2023-06-25,-127.72,Turquoise Trading,Desireables
2023-03-08,1500,Job,Work
2022-07-08,1500,Job,Work
2022-07-13,-80.17,Copper Corner,Services
2023-11-24,-184.93,Lavender Lane,Desireables
2023-11-11,-106.15,Amber Avenue,Government
2022-01-29,-59.93,Diamond Delights,Services
2022-06-28,-55.19,Magenta Market,Government
2022-07-22,-97.48,Violet Valley,Government
2022-06-06,-195.64,Ebony Emporium,Desireables
2024-04-19,-6.41,Turquoise Trading,Government
2025-03-14,-124.64,Ivory Isle,Desireables
2023-11-20,-194.22,Ivory Isle,Desireables
2024-06-02,-37.21,Titanium Trading,Government
2023-05-18,-162.6,Turquoise Trading,Housing
2024-03-05,-128.04,Happy Foods,Government
2023-03-13,-97.07,Magenta Market,Services
2023-06-19,-92.21,Azure Alley,Government
2024-01-05,-5.81,Bronze Bodega,Services
2024-03-12,-50.68,Sunshine Mart,Consumables
2022-09-03,-180.21,Zinc Zone,Services
2022-04-19,-6.4,Lavender Lane,Services
2023-04-12,-71.92,Ruby Retail,Consumables
2024-12-08,-146.79,Tin Trading,Housing
2023-02-27,-74.21,Bronze Boutique,Housing
2022-04-16,1500,Job,Work
2024-02-11,-145.46,Ivory Isle,Services
2025-07-02,-68.8,Pewter Place,Housing
2023-10-03,-188.59,Copper Corner,Consumables
2025-03-31,-15.0,Azure Alley,Desireables
2025-06-27,-170.43,Rainbow Depot,Desireables
2025-06-06,-150.91,Opal Outlet,Desireables
2025-05-22,-124.36,Rainbow Depot,Consumables
2022-10-16,-85.95,Emerald Emporium,Services
2024-06-29,-192.24,Silver Spoon Store,Consumables
2024-04-13,-54.64,Sunshine Mart,Government
2024-09-13,1500,Job,Work
2022-02-01,-12.18,Violet Valley,Desireables
2023-07-06,-90.75,Opal Outlet,Government
2025-01-04,1500,Job,Work
2022-05-04,-82.97,Pewter Place,Housing
2023-10-09,-110.26,Sapphire Superstore,Services
2022-06-21,-72.27,Amber Avenue,Services
2024-08-12,-147.35,Amber Avenue,Services
2023-08-18,1500,Job,Work
2022-10-23,1500,Job,Work
2024-04-30,-72.24,Ebony Emporium,Government
2022-01-05,1500,Job,Work
2023-11-05,-30.09,Ivory Isle,Desireables
2023-03-18,-85.74,Turquoise Trading,Desireables
2023-08-29,-33.23,Violet Valley,Desireables
2025-05-25,-195.7,Magenta Market,Services
2022-02-15,-120.04,Topaz Trading,Consumables
2022-09-10,-9.27,Happy Foods,Desireables
2022-10-25,-71.99,Turquoise Trading,Consumables
2023-01-30,-108.69,Platinum Pantry,Services
2024-10-19,1500,Job,Work
2024-10-18,-14.77,Silver Shop,Housing
2024-11-23,-50.52,Copper Corner,Services
2022-10-21,-60.37,Aluminum Avenue,Services
2022-06-14,-31.74,Bronze Boutique,Housing
2023-08-17,-161.05,Tin Trading,Desireables
2023-04-04,-116.2,Tin Trading,Services
2023-10-29,-53.76,Copper Corner,Housing
2024-06-19,-23.35,Aluminum Avenue,Consumables
2024-09-11,-155.96,Brass Bazaar,Services
2022-11-23,1500,Job,Work
2023-01-21,-8.63,Silver Shop,Government
2023-03-22,-96.35,Emerald Emporium,Services
2024-03-21,-121.55,Violet Valley,Desireables
2022-11-01,-113.85,Lavender Lane,Desireables
2025-05-26,-176.97,Violet Valley,Consumables
2023-10-15,1500,Job,Work
2023-02-14,-169.31,Lavender Lane,Desireables
2023-10-27,-26.44,Steel Store,Housing
2023-07-19,-172.06,Ivory Isle,Housing
2023-03-02,-146.03,Mercury Market,Services
2022-05-30,1500,Job,Work
2024-01-02,-169.94,Ebony Emporium,Government
2024-06-21,-94.96,Crimson Corner,Consumables
2024-11-02,-198.23,Steel Store,Housing
2025-04-07,-53.26,Ivory Isle,Services
2024-03-08,-186.4,Ruby Retail,Government
2022-09-18,1500,Job,Work
2022-05-26,-142.28,Sunshine Mart,Consumables
2022-12-23,-111.96,Violet Valley,Housing
2022-09-01,-126.38,Rainbow Depot,Housing
2025-03-05,1500,Job,Work
2024-12-22,1500,Job,Work
2022-05-07,-150.97,Aluminum Avenue,Government
2022-10-21,-62.0,Pewter Place,Services
2025-06-03,-35.09,Topaz Trading,Services
2022-07-30,-153.17,Sunshine Mart,Consumables
2022-08-05,-28.87,Magenta Market,Consumables
2023-10-29,-32.79,Pearl Plaza,Housing
2022-01-21,-56.83,Bronze Boutique,Housing
2025-06-10,1500,Job,Work
2023-07-22,-41.9,Magenta Market,Desireables
2023-07-21,-179.15,Titanium Trading,Housing
2025-03-04,1500,Job,Work
2024-04-12,1500,Job,Work
2024-10-25,-71.6,Coral Co-op,Consumables
2022-08-07,-64.14,Topaz Trading,Housing
2025-06-29,-119.49,Amber Avenue,Services
2024-07-29,-68.6,Coral Co-op,Consumables
2025-05-23,-161.6,Silver Shop,Desireables
2023-02-28,-144.25,Opal Outlet,Housing
2022-08-04,1500,Job,Work
2025-03-16,-115.46,Turquoise Trading,Consumables
2025-03-18,-77.46,Opal Outlet,Services
2023-12-17,-92.22,Tin Trading,Consumables
2022-12-31,-107.86,Brass Bazaar,Desireables
2022-05-12,1500,Job,Work
2023-03-31,-160.81,Bronze Bodega,Services
2024-02-12,-100.16,Ivory Isle,Desireables
2022-01-21,1500,Job,Work
2022-03-11,-107.86,Tin Trading,Services
2022-10-31,-25.55,Pearl Plaza,Housing
2023-07-30,-188.26,Coral Co-op,Services
2024-08-26,1500,Job,Work
2025-01-18,-64.69,Emerald Emporium,Services
2023-12-16,-195.99,Diamond Delights,Desireables
2024-07-08,-96.43,Titanium Trading,Government
2022-06-29,-187.38,Copper Corner,Consumables
2025-01-23,-86.75,Diamond Delights,Consumables
2023-02-11,-182.58,Nickel Nook,Government
2023-06-28,-191.62,Ebony Emporium,Housing
2023-04-25,-104.26,Steel Store,Government
2022-04-08,-192.91,Bronze Bodega,Consumables
2022-10-08,1500,Job,Work
2023-08-03,-8.6,Coral Co-op,Consumables
2024-04-19,-80.51,Sunshine Mart,Services
2024-08-02,-37.14,Bronze Boutique,Consumables
2025-06-16,1500,Job,Work
2025-04-05,1500,Job,Work
2023-07-19,-51.78,Bronze Boutique,Government
2024-11-02,-196.6,Aluminum Avenue,Government
2025-06-24,-85.23,Topaz Trading,Desireables
2023-07-31,-105.13,Magenta Market,Housing
2025-03-19,1500,Job,Work
2024-12-05,-6.26,Platinum Pantry,Services
2022-10-15,-179.17,Emerald Emporium,Consumables
2023-08-23,1500,Job,Work
2024-08-15,-181.75,Coral Co-op,Consumables
2025-05-08,1500,Job,Work
2024-05-04,-61.59,Lavender Lane,Desireables
2023-01-17,-48.49,Magenta Market,Government
2024-03-29,-70.52,Titanium Trading,Government
2023-09-13,-144.37,Aluminum Avenue,Government
2025-06-17,-88.23,Copper Cart,Government
2022-10-30,-15.27,Steel Store,Consumables
2024-04-22,-71.29,Jade Junction,Housing
2024-03-16,-192.23,Amber Avenue,Consumables
2024-01-12,-130.16,Sapphire Superstore,Desireables
2022-07-09,-65.96,Lavender Lane,Consumables
2024-05-03,1500,Job,Work
2024-07-12,-84.39,Bronze Boutique,Services
2022-04-30,-113.79,Copper Corner,Housing
2023-11-02,-15.16,Steel Store,Consumables
2024-01-31,-103.38,Ruby Retail,Government
2024-12-13,1500,Job,Work
2022-12-04,-132.06,Bronze Bodega,Consumables
2024-12-23,-144.35,Opal Outlet,Desireables
2022-12-08,1500,Job,Work
2024-08-15,1500,Job,Work
2022-11-14,-47.29,Copper Corner,Desireables
2024-04-12,-72.7,Nickel Nook,Consumables
2024-04-06,-174.92,Azure Alley,Desireables
2023-08-10,1500,Job,Work
2023-02-20,-163.21,Mercury Market,Housing
2024-03-17,-67.33,Magenta Market,Desireables
2024-02-16,-55.5,Ruby Retail,Desireables
2022-11-15,-102.37,Diamond Delights,Services
2025-05-17,-191.23,Magenta Market,Consumables
2025-06-29,-97.06,Pearl Plaza,Government
2022-05-23,-39.68,Silver Shop,Services
2023-01-25,-197.56,Bronze Boutique,Desireables
2025-05-29,-193.22,Bronze Bodega,Desireables
2024-03-03,-23.06,Rainbow Depot,Desireables
2022-03-01,1500,Job,Work
2024-01-11,-131.57,Violet Valley,Consumables
2024-06-06,1500,Job,Work
2024-02-26,-36.1,Brass Bazaar,Government
2025-05-20,-13.56,Topaz Trading,Desireables
2022-05-17,1500,Job,Work
2023-02-13,1500,Job,Work
2024-06-30,-85.44,Pearl Plaza,Government
2024-10-12,-116.76,Pearl Plaza,Services
2024-07-18,-167.72,Jade Junction,Services
2023-03-01,-85.45,Amber Avenue,Services
2024-03-07,-7.56,Ebony Emporium,Services
2024-08-29,-101.13,Diamond Delights,Government
2025-05-26,1500,Job,Work
2023-01-27,-131.45,Sunshine Mart,Services
2022-06-19,-90.21,Coral Co-op,Housing
2024-08-18,-133.31,Silver Spoon Store,Housing
2024-02-06,-172.15,Crimson Corner,Desireables
2022-06-03,-196.24,Amber Avenue,Desireables
2023-09-21,-83.0,Zinc Zone,Government
2023-12-20,-185.87,Nickel Nook,Housing
2023-10-29,-136.98,Zinc Zone,Housing
2023-01-28,-167.01,Zinc Zone,Housing
2022-05-02,-37.16,Pewter Place,Housing
2022-09-14,-90.16,Copper Cart,Services
2023-08-26,-35.09,Starlight Market,Government
2024-02-15,-157.07,Starlight Market,Desireables
2022-10-15,-135.21,Jade Junction,Services
2022-08-29,-146.72,Zinc Zone,Desireables
2025-06-09,-31.71,Bronze Boutique,Desireables
2023-03-30,1500,Job,Work
2022-01-30,-100.63,Tin Trading,Desireables
2023-06-13,-115.98,Nickel Nook,Government
2023-12-15,-64.46,Rainbow Depot,Consumables
2025-04-06,1500,Job,Work
2022-09-08,-59.22,Opal Outlet,Desireables
2022-03-04,-166.5,Jade Junction,Desireables
2024-06-08,-57.37,Pewter Place,Consumables
2024-01-19,1500,Job,Work
2023-09-28,1500,Job,Work
2023-04-24,-98.03,Happy Foods,Services
2022-04-11,-143.69,Emerald Emporium,Government
2022-04-25,-181.38,Crimson Corner,Consumables
2023-03-16,-161.84,Copper Cart,Services
2024-02-29,-126.18,Jade Junction,Consumables
2025-06-22,-143.24,Tin Trading,Government
2022-09-09,1500,Job,Work
2023-02-20,-137.2,Copper Corner,Services
2024-07-15,-150.34,Opal Outlet,Consumables
2022-10-02,-161.19,Silver Spoon Store,Services
2022-09-19,1500,Job,Work
2024-08-04,-166.67,Starlight Market,Government
2024-11-27,-95.21,Titanium Trading,Government
2025-05-11,-113.46,Silver Spoon Store,Housing
2022-12-28,-18.74,Violet Valley,Services
2023-08-26,-54.49,Crimson Corner,Government
2022-02-18,-170.29,Opal Outlet,Services
2022-04-19,1500,Job,Work
2024-03-08,-192.65,Copper Cart,Services
2022-02-12,-148.86,Bronze Bodega,Desireables
2022-05-26,-59.3,Ivory Isle,Consumables
2024-03-30,-148.42,Amber Avenue,Housing
2023-08-30,-123.19,Tin Trading,Government
2025-03-25,-181.5,Crimson Corner,Housing
2022-05-07,-186.92,Topaz Trading,Government
2023-04-26,-41.95,Jade Junction,Government
