Date,Time,Project,Task,Division,Details
2024-02-27,3,The Enchanted Forest,Performance,Audio,maximized
2023-12-15,1,Whispers in the Wind,3D,None,Adaptive
2025-04-09,1,Echoes of Silence,3D,Audio,array
2023-10-06,2,Whispers of Hope,Composition,Abstract,Diverse
2025-05-29,3,The Midnight Sun,Composition,Abstract,
2022-01-21,3,The Enchanted Forest,Composition,Abstract,high-level
2023-11-07,2,The Enchanted Forest,Maintenance,Audio,
2023-05-09,1,Mystic Melodies,Performance,Code,
2024-03-04,1,Mystic Melodies,Photography,Abstract,
2024-09-14,1,Mystic Melodies,Research,Abstract,Assimilated
2022-04-20,3,Starlight Serenade,Maintenance,Audio,
2024-04-05,1,Lost in Time,Composition,Visual,multi-state
2023-02-09,3,Journey to the Stars,Writing,Audio,
2022-09-06,1,Shadows of the Past,Composition,Audio,portal
2022-12-17,2,Journey to the Stars,Composition,Abstract,responsive
2022-10-31,3,The Enchanted Mirror,Design,Audio,holistic
2022-04-14,2,Lost in Time,Performance,Abstract,
2025-01-16,1,Mystic Melodies,Performance,Audio,
2025-02-12,3,Starlight Symphony,Maintenance,Audio,
2023-09-10,4,Shadows of the Past,Performance,Visual,
2023-09-15,4,The Midnight Sun,Design,Audio,Progressive
2022-06-28,3,Legends of the Sky,Photography,Abstract,Seamless
2023-01-15,2,Dreams of Tomorrow,None,Abstract,client-server
2022-03-05,4,Shadows of the Past,Performance,Abstract,
2023-03-01,2,Shadows of the Past,Composition,Audio,Networked
2024-07-18,4,Mystic Melodies,2D,Audio,
2024-03-06,4,Mystic Melodies,Photography,Abstract,
2023-07-25,1,Shadows of the Past,Photography,Abstract,
2024-01-18,3,Dreams of Tomorrow,Design,Code,instruction set
2022-04-17,2,Shadows of the Past,Maintenance,Code,bottom-line
2024-08-11,2,The Forgotten City,Performance,None,tertiary
2023-05-20,4,Mystic Melodies,Composition,Audio,
2024-07-07,3,Echoes of Silence,None,Abstract,
2023-12-07,4,Echoes of Silence,None,None,
2025-06-20,3,Echoes of Silence,Research,Audio,
2022-04-07,4,Journey to the Stars,Composition,Audio,
2025-05-10,4,Mystic Melodies,Development,Audio,
2023-12-01,1,The Enchanted Forest,Composition,Abstract,
2023-09-30,4,Lost in Time,Research,Abstract,
2022-01-29,2,Starlight Symphony,None,Audio,Vision-oriented
2025-01-17,1,Echoes of Silence,Photography,Abstract,
2023-03-27,4,Journey to the Stars,Composition,None,
2024-04-28,4,The Enchanted Mirror,Photography,Audio,homogeneous
2025-01-25,2,Whispers in the Dark,Maintenance,Audio,superstructure
2023-09-26,3,The Midnight Sun,Design,Abstract,
2023-06-17,4,The Midnight Sun,Linguistics,Abstract,zero defect
2022-12-30,2,The Hidden Path,Composition,Audio,software
2023-11-17,4,Mystic Melodies,Linguistics,Audio,
2025-05-10,2,Mystic Melodies,Research,None,dedicated
2024-03-07,3,Mystic Moonlight,Writing,Visual,
2023-02-20,4,Dreams of Tomorrow,Performance,Audio,
2025-06-17,1,Echoes of Destiny,2D,Abstract,Assimilated
2024-09-03,1,The Enchanted Forest,Performance,Audio,
2024-07-13,2,Dreams of Tomorrow,Performance,Abstract,
2024-04-17,2,Mystic Melodies,Design,Abstract,holistic
2024-08-21,1,Journey to the Stars,3D,Code,Balanced
2023-08-30,3,Echoes of Silence,Photography,Code,dynamic
2023-03-23,3,The Enchanted Forest,Research,Audio,Integrated
2023-11-06,3,Mystic Melodies,Photography,Audio,
2022-06-11,3,Mystic Moonlight,Linguistics,Visual,support
2022-01-16,2,Journey to the Stars,Composition,Abstract,
2022-12-18,2,The Midnight Sun,Performance,Abstract,
2023-09-13,4,Lost in Time,Composition,Visual,impactful
2024-03-30,4,Echoes of Silence,Research,Audio,
2025-05-17,4,Mystic Melodies,Composition,Abstract,knowledge base
2023-09-13,3,The Enchanted Mirror,Composition,Abstract,challenge
2024-03-18,3,Echoes of Silence,Event,Audio,algorithm
2022-03-26,4,Journey to the Stars,Composition,Code,
2022-07-08,1,Dreams of Tomorrow,Performance,Audio,complexity
2023-04-03,3,Echoes of Silence,Composition,None,dedicated
2022-04-19,4,Mystic Melodies,Performance,Abstract,
2023-04-09,2,Journey to the Unknown,Writing,Audio,maximized
2024-08-01,3,Shadows of the Past,Linguistics,Audio,exuding
2023-03-14,4,Dreams of Tomorrow,Maintenance,Audio,productivity
2024-09-13,2,Mystic Melodies,Linguistics,Audio,methodical
2022-06-06,4,Shadows of the Past,Composition,None,
2025-01-02,1,Echoes of Silence,Design,Abstract,
2022-02-10,2,The Enchanted Forest,Composition,Audio,5th generation
2023-11-04,1,The Last Sunset,Maintenance,None,parallelism
2024-07-25,1,The Secret Sanctuary,Composition,Audio,empowering
2022-02-19,3,The Secret Garden,Design,Visual,
2022-10-22,4,Journey to the Stars,Linguistics,Audio,
2025-05-17,2,Whispers of the Soul,3D,Visual,well-modulated
2022-03-03,4,Echoes of Silence,Performance,Audio,
2024-09-12,1,The Midnight Sun,Writing,Audio,
2022-05-19,2,Mystic Melodies,Composition,Code,
2023-11-13,1,Mystic Moonlight,Design,Abstract,artificial intelligence
2024-09-09,1,Dreams of Serenity,Performance,Abstract,
2022-06-25,4,The Midnight Sun,Performance,Audio,
2022-06-02,1,Whispers of Hope,Performance,Visual,
2022-02-23,4,Starlight Serenade,Design,Audio,access
2022-01-03,1,Shadows of the Past,Performance,Abstract,
2022-01-31,1,Mystic Melodies,Performance,Audio,
2023-03-21,3,Shadows of the Past,Maintenance,Visual,
2025-04-28,3,Journey to the Stars,2D,Abstract,
2024-11-19,1,The Enchanted Forest,Performance,Abstract,
2023-05-22,2,The Midnight Sun,None,Visual,
2024-04-02,3,Mystic Melodies,Linguistics,None,
2023-12-26,1,Dreams of Serenity,Linguistics,Visual,
2023-09-22,3,Mystic Melodies,Composition,Code,
2023-03-12,1,Echoes of Eternity,Linguistics,Code,4th generation
2022-12-06,3,Journey to the Stars,Performance,Abstract,Horizontal
2023-03-18,2,Echoes of Silence,Performance,Audio,
2024-03-13,2,Shadows of the Past,Design,Visual,coherent
2024-05-15,3,Echoes of Silence,Photography,Visual,
2024-12-30,4,Lost in Time,Photography,Abstract,
2024-03-30,3,The Secret Sanctuary,Development,Audio,optimizing
2024-08-19,3,Mystic Moonlight,Performance,Abstract,
2022-06-11,1,Whispers in the Wind,Maintenance,Audio,Robust
2025-06-04,4,The Midnight Sun,None,Abstract,Stand-alone
2025-05-09,4,Mystic Melodies,Design,Code,24 hour
2024-06-11,1,The Secret Sanctuary,Photography,Audio,uniform
2023-05-01,2,Lost in Time,Composition,Abstract,Organic
2022-05-20,1,Echoes of the Heart,Maintenance,Code,strategy
2023-03-24,1,Mystic Melodies,Research,Audio,
2023-08-10,1,Lost in Time,Event,Visual,interactive
2024-04-23,1,Lost in Time,Composition,Abstract,
2025-04-29,4,Mystic Melodies,Performance,Abstract,Implemented
2022-08-19,1,Journey to the Stars,Design,Abstract,asynchronous
2024-04-13,2,The Midnight Sun,Maintenance,Visual,
2023-01-01,2,The Forgotten City,Event,Audio,user-facing
2024-05-08,3,Dreams of Tomorrow,Design,Visual,analyzer
2024-04-15,3,Journey to the Stars,Composition,Abstract,Open-source
2024-01-14,2,Journey to the Stars,Composition,Audio,Open-source
2024-04-26,1,The Secret Garden,Maintenance,Abstract,Proactive
2023-07-10,1,Mystic Melodies,Development,None,strategy
2025-03-15,2,Lost in Time,Performance,Audio,fault-tolerant
2022-04-28,2,Mystic Melodies,Design,Abstract,software
2023-05-08,2,Starlight Serenade,Composition,Abstract,open system
2025-06-05,4,Mystic Moonlight,Event,Abstract,
2023-10-07,2,The Enchanted Forest,Research,Code,
2023-01-24,1,Whispers in the Wind,Performance,Audio,Persistent
2022-02-11,1,Starlight Symphony,Composition,Abstract,
2023-08-09,2,Whispers of the Soul,Design,Audio,
2023-11-24,3,Whispers of Wisdom,Design,Audio,
2025-07-03,2,The Enchanted Forest,Performance,Visual,
2022-01-07,2,Mystic Melodies,Photography,Abstract,projection
2023-02-10,3,Whispers of the Soul,Maintenance,Abstract,Ameliorated
2022-05-02,1,Mystic Melodies,Performance,Visual,
2024-05-10,4,The Forgotten City,Maintenance,Abstract,bottom-line
2024-01-04,3,Mystic Moonlight,Photography,Audio,
2022-04-11,3,Mystic Melodies,Performance,Audio,even-keeled
2022-11-22,1,Mystic Melodies,Performance,Audio,clear-thinking
2023-01-20,1,Mystic Moonlight,Photography,Audio,attitude-oriented
2023-01-25,2,Echoes of Silence,Composition,Audio,Advanced
2023-10-15,4,Mystic Melodies,Writing,Abstract,regional
2022-05-19,1,Whispers of Wisdom,Composition,Abstract,
2024-11-30,3,Mystic Melodies,Performance,Abstract,
2025-01-19,4,The Hidden Path,Performance,Audio,
2024-11-21,1,Dreams of Tomorrow,None,Audio,
2022-07-02,1,The Midnight Sun,Composition,None,neutral
2025-05-28,2,Dreams of Tomorrow,None,Abstract,leverage
2022-10-18,4,Whispers in the Dark,Design,Abstract,leading edge
2024-03-01,2,The Midnight Sun,Maintenance,Abstract,monitoring
2023-12-26,2,The Midnight Sun,2D,Abstract,
2023-06-23,3,The Hidden Path,Composition,Visual,
2022-11-30,4,The Midnight Sun,Performance,Abstract,
2024-08-22,4,Whispers of Wisdom,None,Audio,Multi-channelled
2024-11-02,4,Shadows of the Past,Performance,Audio,bandwidth-monitored
2022-03-23,4,Shadows of the Past,Linguistics,Abstract,context-sensitive
2024-04-22,3,Echoes of the Heart,Performance,Audio,collaboration
2025-05-17,3,Mystic Moonlight,Research,Audio,
2024-02-26,4,Lost in Time,Performance,Code,Down-sized
2024-05-14,2,Echoes of Silence,Performance,Audio,zero tolerance
2023-07-18,1,The Enchanted Mirror,Design,Abstract,
2024-07-27,3,The Enchanted Forest,Design,Visual,
2023-02-28,3,Mystic Melodies,Performance,Abstract,
2023-02-09,3,Mystic Melodies,Event,Abstract,
2022-07-24,2,Journey to the Unknown,Photography,Code,
2023-06-25,2,Echoes of Silence,Composition,Audio,client-server
2023-08-10,1,Mystic Melodies,Composition,Visual,
2023-07-31,4,The Forgotten Realm,Maintenance,Abstract,Inverse
2025-01-29,4,Dreams of Tomorrow,Performance,Audio,hybrid
2022-09-15,2,Mystic Melodies,Research,Abstract,
2024-11-15,1,Mystic Melodies,Performance,Audio,
2023-08-28,4,Mystic Melodies,Design,Audio,composite
2023-08-23,3,The Enchanted Forest,Performance,Audio,
2024-09-05,1,Echoes of Destiny,Maintenance,Abstract,open system
2024-12-13,1,Journey to the Stars,Maintenance,Audio,client-driven
2024-01-22,3,Journey to the Unknown,Performance,Audio,transitional
2023-06-26,4,Whispers of Hope,Maintenance,Audio,superstructure
2023-05-08,3,Whispers of the Soul,Linguistics,Abstract,Balanced
2024-01-28,3,Shadows of the Past,None,Abstract,zero defect
2024-10-27,2,Dreams of Tomorrow,Linguistics,Abstract,Managed
2022-05-31,3,Legends of the Sky,Performance,Audio,Multi-lateral
2022-12-01,2,The Enchanted Forest,Composition,Audio,zero defect
2023-03-12,1,The Midnight Sun,Design,Code,
2024-06-11,1,Mystic Moonlight,Research,Abstract,
2025-02-17,1,Mystic Melodies,Design,Audio,
2023-09-30,2,The Midnight Sun,Design,Visual,
2022-11-29,1,Shadows of the Past,Design,Audio,discrete
2023-12-21,4,Echoes of Silence,Development,Visual,intangible
2024-03-06,2,The Midnight Sun,Performance,None,
2023-10-18,1,Mystic Moonlight,Design,Audio,
2023-07-20,4,Journey to the Stars,2D,Abstract,
2025-05-23,4,Dreams of Tomorrow,Composition,Audio,Decentralized
2022-05-05,2,Mystic Moonlight,Linguistics,Code,portal
2025-05-25,2,Echoes of Silence,Maintenance,Abstract,global
2022-04-17,2,Mystic Melodies,Writing,Abstract,5th generation
2025-02-27,2,Mystic Melodies,Design,None,Reduced
2023-06-12,1,Mystic Melodies,Performance,Abstract,
2022-12-18,3,Lost in Time,Linguistics,Audio,implementation
2022-03-26,4,Dreams of Tomorrow,Composition,Audio,Upgradable
2022-05-09,4,Mystic Melodies,Writing,Code,
2023-06-22,2,Journey to the Stars,Composition,None,
2024-08-22,1,Mystic Melodies,Performance,Audio,
2025-05-12,2,The Forgotten Realm,Linguistics,None,
2023-05-25,1,Mystic Melodies,Design,Abstract,
2022-11-29,1,Lost in Time,Composition,Abstract,
2025-04-12,4,Mystic Melodies,Composition,Audio,
2024-03-12,2,Shadows of the Past,Linguistics,Abstract,
2025-02-19,1,Mystic Melodies,Design,Audio,
2025-01-08,3,Echoes of Silence,Maintenance,Audio,Self-enabling
2025-01-04,4,The Secret Sanctuary,Photography,Abstract,
2023-05-13,3,Lost in Time,Design,Audio,Ameliorated
2022-05-16,4,Lost in Time,Design,Code,
2024-10-08,1,Lost in Time,Maintenance,Abstract,process improvement
2024-11-29,3,Mystic Melodies,Linguistics,None,
2025-04-17,2,The Midnight Sun,Performance,Audio,regional
2023-05-07,1,Mystic Melodies,Maintenance,Audio,
2023-03-05,2,The Hidden Path,Design,Audio,intermediate
2023-09-27,4,The Enchanted Forest,Photography,Code,
2024-04-16,2,Lost in Time,Design,Abstract,
2025-02-02,4,Dreams of Tomorrow,Writing,Abstract,
2025-06-08,1,Legends of the Sea,Performance,Visual,moderator
2023-03-29,4,Journey to the Stars,Design,Abstract,utilisation
2024-11-25,2,Lost in Time,2D,Audio,
2023-07-29,1,Journey to the Stars,Performance,Abstract,
2025-02-05,4,The Midnight Sun,Design,Abstract,Inverse
2024-06-02,2,Starlight Symphony,Composition,Visual,zero defect
2024-02-06,4,Journey to the Stars,Design,Code,
2022-02-27,3,Legends of the Sea,Performance,Audio,orchestration
2024-09-12,4,The Secret Garden,Writing,Code,eco-centric
2022-07-07,3,Whispers in the Dark,Composition,None,Right-sized
2025-04-27,3,The Enchanted Forest,Development,Audio,Enhanced
2024-11-09,1,Shadows of the Past,Design,Abstract,
2024-03-31,4,The Last Sunset,Maintenance,Abstract,archive
2024-01-28,4,Lost in Time,Composition,Visual,
2022-12-17,1,Dreams of Serenity,Linguistics,None,client-driven
2023-06-01,2,Lost in Time,Performance,Audio,framework
2023-05-26,3,Lost in Time,Research,None,
2022-09-23,2,Legends of the Sea,3D,Audio,
2022-04-07,2,The Midnight Sun,Composition,Audio,
2025-01-19,1,Shadows of the Past,Composition,None,
2023-02-04,3,Journey to the Unknown,3D,Audio,
2022-05-17,4,Mystic Moonlight,Design,Audio,
2025-02-02,1,The Midnight Sun,Composition,Audio,
2023-04-20,3,Journey to the Stars,Composition,Abstract,
2025-04-15,3,Mystic Melodies,Maintenance,Audio,systemic
2024-05-24,3,Mystic Melodies,Event,Audio,Advanced
2025-05-26,1,Mystic Melodies,Photography,Code,
2024-04-30,4,The Midnight Sun,Performance,Audio,interactive
2024-02-06,1,Mystic Melodies,Design,Visual,
2024-05-26,3,Legends of the Sky,Design,Audio,Function-based
2023-06-13,3,The Midnight Sun,Design,Audio,Grass-roots
2022-09-05,1,Dreams of Serenity,Development,Visual,next generation
2022-12-21,1,Journey to the Stars,Event,Code,info-mediaries
2024-08-23,3,The Forgotten Realm,Maintenance,Abstract,background
2022-11-27,3,The Secret Sanctuary,Performance,Abstract,attitude
2022-07-15,2,Dreams of Tomorrow,Composition,Abstract,
2023-12-19,3,Mystic Melodies,Development,Audio,even-keeled
2022-11-25,4,Dreams of Tomorrow,Design,Visual,hub
2023-08-25,1,The Enchanted Forest,Performance,Audio,
2023-11-17,4,The Enchanted Forest,Maintenance,Abstract,Re-engineered
2024-09-01,3,The Forgotten Realm,Design,Code,Advanced
2024-08-28,3,Dreams of Tomorrow,Photography,Abstract,
2023-12-12,4,The Secret Sanctuary,Performance,None,
2022-02-07,1,The Midnight Sun,Maintenance,Visual,national
2023-02-12,2,Dreams of Tomorrow,Maintenance,Visual,
2025-01-09,4,Mystic Melodies,Maintenance,None,
2024-01-11,2,Echoes of Silence,Design,Abstract,client-server
2024-11-29,3,Starlight Serenade,Design,Abstract,needs-based
2022-03-26,2,The Midnight Sun,Maintenance,Visual,
2024-05-21,3,Journey to the Stars,Performance,Audio,hybrid
2025-02-24,1,Echoes of Silence,Composition,Visual,matrices
2022-04-22,4,Echoes of Silence,Photography,Audio,
2024-04-12,4,Whispers in the Wind,3D,Audio,Stand-alone
2025-01-22,3,The Forgotten City,Linguistics,Abstract,
2022-12-03,4,Whispers of the Soul,Maintenance,Audio,
2023-03-21,2,Lost in Time,Linguistics,Abstract,multimedia
2025-05-12,2,Whispers of Wisdom,Writing,None,Innovative
2022-07-21,1,Lost in Time,Performance,None,Public-key
2024-02-25,2,Lost in Time,Linguistics,Audio,
2023-05-07,2,Whispers of Wisdom,Design,Audio,
2023-08-24,4,Journey to the Stars,Design,Audio,
2022-03-13,4,Shadows of the Past,Composition,Audio,
2023-06-27,3,Echoes of Destiny,Composition,Audio,
2023-07-01,2,Shadows of the Past,2D,Abstract,Integrated
2022-01-08,1,Mystic Moonlight,Performance,Audio,
2023-11-09,3,The Enchanted Forest,Performance,Audio,
2022-09-08,1,Dreams of Tomorrow,Maintenance,Abstract,Configurable
2022-12-03,3,Mystic Melodies,Maintenance,Abstract,throughput
2023-03-09,1,Shadows of the Past,Photography,Abstract,Streamlined
2024-12-11,2,Echoes of Silence,Maintenance,Abstract,Advanced
2024-12-04,3,Dreams of Tomorrow,3D,Audio,
2024-11-28,3,Dreams of Tomorrow,Linguistics,Visual,Compatible
2025-04-02,1,Whispers in the Dark,Composition,Abstract,installation
2023-03-24,3,Shadows of the Past,Design,Audio,Persistent
2023-09-14,3,Dreams of Serenity,3D,Audio,Up-sized
2022-02-01,4,Whispers in the Dark,Design,Audio,
2024-11-06,3,Journey to the Stars,Linguistics,Abstract,
2023-08-12,2,The Forgotten Realm,Event,Audio,
2023-10-30,2,The Enchanted Forest,Performance,Audio,implementation
2023-06-19,2,Mystic Melodies,Photography,None,
2022-02-23,4,Echoes of Eternity,Maintenance,Code,
2023-09-30,3,Mystic Melodies,2D,Visual,
2023-04-11,4,Mystic Moonlight,3D,Visual,
2024-10-07,2,Starlight Symphony,Maintenance,Visual,budgetary management
2023-04-25,1,Whispers in the Dark,Composition,Abstract,user-facing
2022-01-27,3,Echoes of Silence,Composition,Audio,
2022-12-25,3,Lost in Time,Linguistics,Abstract,even-keeled
2022-12-26,1,The Secret Sanctuary,Composition,Abstract,
2024-09-14,1,The Midnight Sun,Development,Visual,
2023-03-31,2,Echoes of Silence,Performance,None,
2025-03-14,1,Mystic Melodies,Design,Code,
2024-01-31,4,Lost in Time,Performance,Visual,Balanced
2023-03-11,3,Shadows of the Past,Performance,Abstract,
2023-04-12,4,Mystic Moonlight,2D,None,Proactive
2023-06-12,3,Lost in Time,Composition,Audio,
2024-09-03,3,Mystic Melodies,None,Abstract,
2023-09-26,1,Whispers in the Dark,Composition,Abstract,
2023-01-18,2,Shadows of the Past,Performance,Abstract,
2025-05-02,4,Mystic Melodies,Performance,Abstract,
2024-05-02,2,Echoes of Eternity,Composition,Abstract,hierarchy
2023-11-09,4,The Midnight Sun,Performance,Abstract,Reduced
2023-08-02,1,The Enchanted Forest,Maintenance,Audio,encryption
2023-06-22,3,Shadows of the Past,Composition,Audio,
2024-11-23,1,Journey to the Stars,Performance,Abstract,
2023-08-08,1,Echoes of Silence,Design,Abstract,
2025-01-25,1,The Secret Sanctuary,Performance,Code,Open-architected
2024-05-06,2,The Enchanted Forest,Design,Abstract,Triple-buffered
2024-07-03,1,Mystic Melodies,Photography,Audio,
2022-05-02,1,Mystic Moonlight,Composition,Audio,
2022-11-11,3,Lost in Time,Performance,Abstract,
2023-07-17,1,Shadows of the Past,Design,Visual,
2022-04-04,4,Mystic Melodies,Design,Code,
2023-11-12,1,Mystic Melodies,Maintenance,Abstract,encryption
2023-07-02,3,Mystic Melodies,Design,Audio,
2022-04-19,1,Mystic Melodies,Development,Visual,high-level
2023-05-21,2,Journey to the Stars,3D,Visual,moderator
2022-02-23,3,Mystic Melodies,Design,Audio,
2024-09-02,3,Mystic Moonlight,Design,Abstract,non-volatile
2024-01-08,2,Mystic Melodies,Photography,Audio,
2023-05-08,2,Shadows of the Past,Design,Visual,ability
2024-04-30,3,Echoes of Eternity,Development,Code,
2024-05-13,2,Starlight Symphony,Performance,Visual,
2024-10-06,2,Mystic Melodies,Performance,Abstract,attitude-oriented
2022-02-08,4,Echoes of Eternity,Composition,Code,Implemented
2023-10-02,3,Mystic Melodies,Composition,Abstract,middleware
2022-09-12,3,Mystic Melodies,Performance,Abstract,paradigm
2023-07-28,1,Shadows of the Past,Performance,Audio,circuit
2024-03-05,3,Mystic Melodies,Photography,Visual,model
2024-12-24,4,Shadows of the Past,Performance,None,Polarised
2024-01-28,4,Echoes of Silence,Composition,Abstract,demand-driven
2023-06-05,1,Echoes of Silence,Event,Abstract,
2025-03-16,4,Mystic Melodies,Composition,Abstract,
2025-02-04,2,Shadows of the Past,Composition,Audio,optimizing
2024-09-05,3,Mystic Moonlight,Event,None,
2022-05-17,2,Dreams of Tomorrow,3D,Visual,well-modulated
2023-05-25,3,The Last Sunset,Performance,Visual,empowering
2024-06-12,3,The Midnight Sun,Event,Audio,
2023-05-17,2,Echoes of Silence,Composition,Abstract,Vision-oriented
2024-01-22,4,The Enchanted Forest,None,None,
2024-11-14,1,The Midnight Sun,Composition,Visual,core
2025-07-03,2,Mystic Moonlight,Composition,Audio,Upgradable
2023-01-09,3,The Midnight Sun,Linguistics,Audio,Pre-emptive
2022-03-27,2,Shadows of the Past,Linguistics,Code,
2022-11-15,4,The Midnight Sun,Photography,Abstract,context-sensitive
2024-08-15,4,Shadows of the Past,Performance,Abstract,Team-oriented
2023-12-19,4,Lost in Time,Design,Visual,orchestration
2023-01-25,2,The Last Sunset,Design,None,cohesive
2025-05-21,2,Echoes of Silence,Research,Visual,Mandatory
2023-05-26,3,Echoes of Silence,Maintenance,Audio,actuating
2025-04-06,4,Mystic Melodies,Performance,Code,
2022-09-18,3,Mystic Melodies,Composition,Visual,Seamless
2023-07-19,2,Echoes of Eternity,Development,None,Fundamental
2023-10-31,1,Mystic Melodies,Design,Audio,Compatible
2023-03-31,4,Mystic Melodies,Writing,Abstract,
2022-03-09,2,Mystic Melodies,None,Audio,
2024-02-24,3,Mystic Moonlight,Linguistics,Audio,user-facing
2024-10-13,3,Mystic Melodies,None,Visual,Streamlined
2023-08-04,4,Whispers in the Wind,Maintenance,Code,
2023-03-06,3,The Enchanted Forest,Design,Abstract,
2023-05-24,4,Dreams of Tomorrow,Photography,Audio,
2023-11-24,4,The Midnight Sun,Composition,Audio,
2022-06-16,1,The Midnight Sun,Composition,Audio,
2022-04-19,4,Dreams of Tomorrow,Photography,Visual,Intuitive
2023-11-30,1,Echoes of Silence,Composition,Audio,Enterprise-wide
2022-09-08,2,The Secret Garden,Composition,Audio,
2022-07-11,2,Mystic Melodies,Photography,Abstract,knowledge base
2025-02-17,1,Journey to the Unknown,Maintenance,Code,capability
2022-07-12,3,Mystic Melodies,Composition,Abstract,
2025-05-25,4,Echoes of Silence,Maintenance,Visual,internet solution
2023-11-20,2,Mystic Moonlight,Composition,None,
2022-08-22,2,Mystic Melodies,Composition,None,
2022-04-02,4,Journey to the Stars,None,Audio,Multi-channelled
2022-03-18,1,Mystic Moonlight,Performance,Code,
2023-04-22,3,The Secret Sanctuary,Composition,Audio,
2023-05-21,1,Mystic Melodies,Maintenance,Audio,
2022-08-02,3,Shadows of the Past,Maintenance,Audio,
2023-03-10,1,Whispers of Wisdom,Linguistics,Visual,
2024-04-02,4,Legends of the Sea,Design,Audio,
2024-04-08,2,Shadows of the Past,Development,Abstract,artificial intelligence
2023-11-09,3,Echoes of Silence,Writing,Audio,
2025-06-01,2,Legends of the Sky,Photography,Visual,
2023-08-30,1,Dreams of Serenity,Design,Audio,Vision-oriented
2022-06-12,3,Echoes of Silence,Composition,Audio,zero defect
2025-05-04,2,Echoes of Eternity,Design,Audio,
2022-07-28,3,Echoes of Eternity,Design,Abstract,
2023-11-09,4,Mystic Moonlight,Design,Audio,
2022-12-16,3,The Forgotten Realm,Performance,Abstract,cohesive
2022-08-11,4,Starlight Serenade,Composition,Audio,
2023-05-16,3,Echoes of Destiny,Design,Abstract,middleware
2025-04-09,2,Whispers of Wisdom,Composition,Audio,
2023-09-24,1,Shadows of the Past,Composition,Audio,service-desk
2023-12-08,2,Mystic Melodies,Composition,Abstract,
2022-04-26,2,Mystic Melodies,Design,None,Public-key
2024-09-13,3,Echoes of Silence,None,Visual,
2022-03-16,1,Mystic Melodies,Design,Audio,regional
2024-06-09,3,Lost in Time,Composition,Abstract,
2023-02-12,2,Echoes of Silence,Linguistics,Audio,knowledge base
2024-11-19,2,Mystic Melodies,Maintenance,Abstract,Streamlined
2024-07-19,1,Mystic Melodies,Performance,Audio,framework
2022-06-08,4,Whispers of Hope,Maintenance,Audio,bi-directional
2022-06-22,3,The Forgotten City,Composition,Audio,algorithm
2023-05-24,4,The Enchanted Forest,Photography,Abstract,Cross-group
2023-12-07,1,The Secret Garden,Design,Audio,
2023-05-23,2,Dreams of Tomorrow,2D,Visual,background
2024-10-15,2,Mystic Melodies,Design,None,
2023-07-19,2,Mystic Moonlight,2D,Visual,
2022-05-26,4,Whispers of the Soul,Research,Audio,
2024-03-27,4,The Last Sunset,2D,Abstract,
2022-05-31,3,Whispers in the Wind,Research,Abstract,Re-contextualized
2023-11-11,3,Echoes of Destiny,2D,Code,
2024-02-19,4,Whispers of Hope,Design,Audio,
2023-10-25,2,The Last Sunset,Design,Audio,reciprocal
2022-01-17,3,The Forgotten City,Composition,Abstract,
2023-11-13,2,Starlight Serenade,Photography,None,zero administration
2023-11-28,4,The Enchanted Forest,Composition,Abstract,success
2025-01-22,4,Mystic Melodies,Design,Audio,
2025-05-25,2,Journey to the Stars,Maintenance,Visual,implementation
2025-06-04,4,Legends of the Sea,Composition,Code,
2022-06-01,4,The Midnight Sun,Design,Audio,
2023-12-15,4,Starlight Serenade,Photography,Audio,
2023-02-22,4,Echoes of Silence,Linguistics,Abstract,
2023-04-21,4,Echoes of Silence,Maintenance,Audio,full-range
2023-08-24,3,Mystic Moonlight,3D,Abstract,systematic
2022-08-25,3,Whispers in the Wind,Design,Abstract,Horizontal
2023-11-29,1,Echoes of Silence,Photography,Abstract,success
2022-09-28,1,Echoes of Eternity,Performance,Abstract,zero tolerance
2022-04-10,3,Journey to the Stars,2D,Abstract,
2025-01-30,4,Echoes of the Heart,Maintenance,Audio,hub
2025-05-30,2,Mystic Moonlight,Maintenance,Audio,database
2023-10-18,4,Echoes of the Heart,Performance,Abstract,
2023-11-19,4,The Enchanted Forest,Performance,Audio,
2024-03-31,3,Dreams of Tomorrow,Maintenance,Audio,
2024-06-04,2,Mystic Melodies,Photography,None,regional
2022-07-19,3,Dreams of Tomorrow,Composition,Visual,5th generation
2022-03-29,3,Lost in Time,Photography,Audio,Cloned
2022-02-20,3,The Enchanted Forest,Maintenance,Abstract,Versatile
2024-01-07,1,Journey to the Stars,Linguistics,None,responsive
2024-01-19,1,Mystic Melodies,Performance,Audio,application
2024-06-17,3,The Midnight Sun,Linguistics,Code,Versatile
2024-08-19,1,Mystic Moonlight,Performance,Visual,Enterprise-wide
2024-08-21,3,The Forgotten Realm,Maintenance,Abstract,matrix
2022-12-16,4,The Enchanted Mirror,Performance,Audio,
2025-05-03,2,The Midnight Sun,Design,Audio,
2023-08-17,2,The Enchanted Forest,Photography,None,Ameliorated
2022-09-27,1,The Last Sunset,Composition,Audio,
2022-11-08,1,Echoes of Silence,Composition,Abstract,
2025-04-01,1,Shadows of the Past,Photography,Audio,
2023-09-01,3,Mystic Moonlight,Writing,Audio,Assimilated
2023-09-21,1,The Midnight Sun,2D,Visual,client-driven
2022-01-11,1,The Enchanted Forest,Design,Visual,
2023-11-30,3,The Midnight Sun,Composition,Audio,Exclusive
2022-11-29,3,Mystic Melodies,Design,Audio,
2022-06-07,3,Legends of the Sky,Composition,Abstract,
2022-08-11,4,Legends of the Sky,Design,Audio,
2025-01-15,1,Mystic Melodies,Composition,Code,ability
2024-08-15,2,Echoes of Silence,Composition,Visual,core
2025-02-07,3,Mystic Melodies,Performance,Audio,internet solution
2023-05-13,1,The Last Sunset,Photography,Abstract,
2022-01-20,1,The Midnight Sun,Performance,Abstract,
2023-05-08,4,Mystic Melodies,Performance,None,
2022-01-12,1,The Midnight Sun,2D,Visual,knowledge base
2022-01-01,3,Lost in Time,Writing,Audio,extranet
2023-04-18,2,Echoes of Silence,2D,Audio,
2025-06-12,2,Mystic Melodies,Linguistics,Visual,Stand-alone
2022-04-06,2,Legends of the Sea,Composition,Audio,
2023-05-04,1,Echoes of Silence,2D,Visual,
2024-07-26,2,Echoes of Destiny,Photography,Audio,
2022-06-07,1,Journey to the Stars,3D,Code,
2023-02-01,3,Echoes of Silence,Composition,Abstract,secondary
2023-06-14,1,Echoes of Silence,Performance,Code,policy
2022-07-18,3,Lost in Time,2D,Abstract,holistic
2024-03-07,3,Echoes of Silence,Linguistics,Abstract,collaboration
2023-02-06,4,Dreams of Serenity,Photography,None,
2022-04-13,3,Journey to the Stars,Photography,Audio,cohesive
2025-04-24,4,Lost in Time,Composition,Audio,
2024-04-16,3,The Midnight Sun,Design,Visual,
2025-02-27,2,Echoes of Silence,Photography,Visual,
2024-03-27,3,Dreams of Tomorrow,Design,None,software
2023-11-01,3,Whispers of the Soul,Design,Audio,Customer-focused
2023-06-10,4,The Secret Sanctuary,Maintenance,Abstract,cohesive
2022-03-22,4,The Midnight Sun,Linguistics,Abstract,
2024-10-24,4,Dreams of Tomorrow,Photography,Audio,
2022-06-10,3,The Enchanted Forest,Photography,Audio,frame
2022-10-31,1,The Enchanted Forest,Photography,Visual,contingency
2022-09-29,1,The Secret Garden,Composition,Audio,full-range
2022-05-20,3,Mystic Melodies,Composition,None,
2023-08-31,3,The Forgotten City,Performance,Visual,solution-oriented
2023-05-07,3,Shadows of the Past,Composition,Visual,
2022-08-03,3,The Secret Garden,3D,Audio,Centralized
2023-10-08,4,The Enchanted Forest,Composition,Audio,web-enabled
2022-12-13,2,Echoes of Destiny,Performance,Abstract,Seamless
2022-02-26,3,The Enchanted Forest,Photography,Abstract,
2023-12-02,4,Echoes of Silence,Performance,Abstract,Operative
2024-11-07,4,Whispers in the Wind,Maintenance,Audio,
2024-04-14,2,Echoes of Eternity,Composition,Abstract,
2024-05-12,2,Mystic Melodies,Performance,Audio,
2023-10-01,4,Lost in Time,2D,Visual,website
2024-03-11,1,The Hidden Path,Design,Audio,Expanded
2024-02-28,1,Legends of the Sea,3D,Visual,
2022-04-08,2,The Hidden Path,Photography,Audio,bifurcated
2022-11-21,3,The Secret Sanctuary,2D,Visual,
2022-11-09,1,Dreams of Tomorrow,Design,Visual,fault-tolerant
2022-01-25,2,Mystic Moonlight,None,Audio,
2023-07-30,3,The Enchanted Mirror,Composition,Audio,complexity
2023-05-09,4,Legends of the Sea,Performance,Abstract,bottom-line
2023-11-25,4,Journey to the Stars,Performance,Audio,
2022-04-22,1,Whispers of Wisdom,Event,Abstract,
2025-02-24,4,Mystic Melodies,Performance,Audio,
2024-09-15,2,Mystic Moonlight,Linguistics,Code,
2024-08-09,3,Mystic Moonlight,Photography,Code,middleware
2025-05-31,2,The Last Sunset,Composition,Abstract,regional
2024-02-29,3,Journey to the Stars,Performance,Abstract,
2024-01-30,2,The Enchanted Forest,Linguistics,Visual,Open-architected
2022-03-19,1,Journey to the Stars,Event,Audio,stable
2023-12-14,2,Mystic Melodies,Performance,Audio,User-friendly
2022-10-23,2,Mystic Melodies,Design,Abstract,
2025-01-05,3,The Midnight Sun,Event,Abstract,zero tolerance
2023-12-10,4,The Enchanted Forest,Development,Audio,
2022-05-25,4,The Hidden Path,Maintenance,Abstract,
2022-03-08,1,Echoes of Silence,None,Audio,interface
2022-04-11,1,The Enchanted Forest,Performance,Audio,
2023-12-18,1,Lost in Time,Linguistics,None,dedicated
2023-03-17,3,Shadows of the Past,Development,Abstract,
2024-09-07,2,Whispers in the Wind,Development,Code,
2023-07-10,4,Mystic Melodies,Design,Visual,non-volatile
2024-04-24,2,Dreams of Tomorrow,Maintenance,Code,demand-driven
2025-05-20,1,Whispers in the Wind,Performance,Audio,
2022-02-04,1,Lost in Time,Performance,None,
2022-05-16,2,Echoes of Silence,Maintenance,Audio,uniform
2023-08-01,4,Mystic Melodies,Maintenance,Visual,Customizable
2025-02-27,2,Mystic Melodies,Design,Visual,real-time
2024-06-09,2,Shadows of the Past,Linguistics,Abstract,
2024-12-16,2,Starlight Serenade,Maintenance,Code,analyzing
2023-11-20,1,Mystic Melodies,Maintenance,Abstract,
2022-12-17,4,The Last Sunset,Linguistics,Visual,
2024-01-05,4,Dreams of Tomorrow,Maintenance,Abstract,Optional
2022-09-07,2,Mystic Melodies,Photography,Visual,
2022-08-16,1,The Midnight Sun,Development,Abstract,
2022-05-07,2,The Enchanted Forest,2D,Code,Automated
2023-04-03,3,Mystic Melodies,Composition,Abstract,info-mediaries
2023-01-22,2,Journey to the Stars,Design,Visual,
2022-01-03,4,The Enchanted Forest,Photography,Abstract,
2023-10-20,4,Echoes of the Heart,Composition,Abstract,
2023-04-21,4,The Midnight Sun,Composition,Audio,
2023-06-04,2,Journey to the Stars,Research,Audio,Centralized
2025-06-30,3,The Hidden Path,Design,Audio,fresh-thinking
2022-06-09,2,Starlight Symphony,Performance,Audio,
2023-02-15,3,Whispers of Hope,Maintenance,Abstract,capability
2023-10-07,3,Journey to the Stars,Performance,Audio,
2022-12-03,4,The Secret Garden,Performance,None,Reduced
2024-02-15,4,Dreams of Tomorrow,Photography,Abstract,challenge
2022-12-23,4,Echoes of Silence,Composition,Visual,hybrid
2024-11-30,1,Legends of the Sky,Performance,Abstract,
2024-12-25,3,Journey to the Unknown,Design,Abstract,
2023-01-20,4,The Midnight Sun,Composition,Audio,conglomeration
2023-12-06,4,Mystic Melodies,Maintenance,None,
2023-04-17,1,The Midnight Sun,Maintenance,Audio,
2023-08-28,1,The Enchanted Forest,Composition,Abstract,
2022-09-03,1,Dreams of Tomorrow,Composition,Code,6th generation
2025-03-22,1,Mystic Moonlight,Photography,Abstract,Proactive
2022-06-22,3,Starlight Serenade,Linguistics,Code,stable
2025-03-03,2,Legends of the Sea,Maintenance,Audio,
2023-10-30,1,The Midnight Sun,Performance,Audio,
2024-09-23,2,The Midnight Sun,Maintenance,Visual,
2025-07-03,2,Echoes of the Heart,Design,Visual,client-server
2022-10-20,1,The Forgotten Realm,Design,Code,bifurcated
2022-08-24,4,Mystic Melodies,Composition,Visual,leading edge
2023-01-31,4,The Enchanted Forest,Photography,Audio,
2023-03-20,2,Mystic Melodies,Composition,None,
2025-01-28,2,Journey to the Stars,Performance,Audio,
2023-09-03,4,The Midnight Sun,Composition,Audio,real-time
2022-01-03,1,Echoes of Destiny,Composition,Abstract,
2023-02-26,3,Echoes of Eternity,Maintenance,Audio,
2023-07-09,3,The Midnight Sun,Development,Abstract,
2025-06-26,1,Whispers in the Dark,Composition,Visual,
2022-11-14,1,The Midnight Sun,Composition,Audio,encryption
2024-02-13,3,Mystic Melodies,Maintenance,Audio,knowledge base
2024-02-08,4,The Midnight Sun,Photography,Abstract,analyzer
2022-09-11,2,Lost in Time,Linguistics,Audio,
2022-11-27,1,The Last Sunset,Design,Abstract,interface
2022-05-07,1,Whispers of Wisdom,Photography,None,intranet
2024-10-16,3,Mystic Melodies,Photography,Abstract,
2025-05-24,4,Echoes of Silence,Linguistics,Visual,
2023-05-29,1,Dreams of Tomorrow,Research,Abstract,artificial intelligence
2022-04-01,1,Shadows of the Past,Performance,Abstract,
2025-03-30,4,The Midnight Sun,Composition,None,Open-architected
2022-11-23,2,Echoes of Eternity,Performance,Abstract,
2023-09-18,3,Mystic Melodies,Composition,Abstract,
2024-03-06,3,Echoes of Destiny,Design,Visual,
2024-11-29,3,Mystic Melodies,Photography,None,
2024-03-09,3,Journey to the Stars,Photography,Abstract,disintermediate
2023-08-27,4,The Enchanted Forest,Photography,Audio,Front-line
2022-03-29,3,The Hidden Path,Composition,Code,
2024-07-19,4,Shadows of the Past,Performance,Audio,
2023-05-10,1,The Midnight Sun,Design,Audio,methodical
2022-05-23,3,Dreams of Tomorrow,Composition,Audio,Extended
2022-06-24,4,The Enchanted Forest,Maintenance,Code,
2024-12-23,4,Echoes of Silence,Event,Audio,
2025-04-17,4,Dreams of Tomorrow,Maintenance,Abstract,
2022-09-14,1,Lost in Time,Design,None,
2022-04-28,1,Lost in Time,Performance,Audio,
2025-06-19,2,Whispers in the Dark,Composition,Audio,Grass-roots
2024-10-22,3,The Midnight Sun,Design,Abstract,zero defect
2024-08-12,1,Journey to the Stars,Performance,Audio,
2024-07-16,4,Whispers in the Wind,Performance,Abstract,Configurable
2024-07-09,1,Lost in Time,Photography,Abstract,
2023-07-02,1,Echoes of Silence,Design,Audio,Organized
2025-05-01,2,Echoes of Silence,Performance,Abstract,discrete
2025-03-11,3,Lost in Time,Composition,Abstract,national
2022-05-03,4,The Midnight Sun,Performance,Audio,cohesive
2023-12-11,1,Mystic Melodies,Performance,Audio,internet solution
2022-06-25,1,Lost in Time,Performance,Audio,Public-key
2022-02-28,3,The Midnight Sun,Maintenance,Abstract,Devolved
2023-08-04,3,Mystic Moonlight,Development,Audio,
2022-07-08,1,Dreams of Tomorrow,Photography,Visual,Integrated
2022-03-21,4,Mystic Moonlight,Maintenance,Audio,hybrid
2024-04-08,3,Journey to the Stars,Performance,Abstract,
2022-06-24,2,Echoes of Silence,Photography,Visual,
2022-03-17,1,The Forgotten Realm,Composition,Audio,
2022-04-20,1,Shadows of the Past,Composition,Audio,Vision-oriented
2022-01-22,2,Echoes of Destiny,Composition,Abstract,groupware
2023-08-21,3,Lost in Time,Performance,Audio,
2023-08-05,2,Starlight Serenade,Composition,Visual,
2022-05-25,4,Shadows of the Past,Linguistics,Visual,Synergistic
2024-05-28,3,Lost in Time,Maintenance,Abstract,
2022-11-11,3,Journey to the Stars,3D,Abstract,
2022-04-10,3,Journey to the Unknown,Photography,Abstract,methodical
2023-03-28,3,Dreams of Tomorrow,Performance,Code,
2022-11-03,2,Dreams of Tomorrow,Linguistics,Abstract,Profit-focused
2024-10-08,3,Whispers of the Soul,Writing,Visual,
2023-04-02,4,Dreams of Tomorrow,Performance,Visual,Stand-alone
2024-12-30,2,Journey to the Stars,Composition,Audio,Implemented
2024-02-23,1,Mystic Melodies,Development,Abstract,extranet
2023-11-05,4,The Midnight Sun,Maintenance,Audio,empowering
2022-05-01,4,Lost in Time,Design,Audio,
2022-05-20,4,The Enchanted Forest,Maintenance,Audio,
2022-02-01,1,Mystic Melodies,Composition,Visual,
2022-11-10,3,Shadows of the Past,Performance,Audio,
2022-01-17,2,Lost in Time,3D,Abstract,attitude
2022-07-21,2,The Enchanted Mirror,Research,Abstract,regional
2023-01-17,4,Journey to the Stars,Composition,Abstract,
2024-02-03,1,Journey to the Stars,Photography,Audio,
2022-11-11,4,Legends of the Sky,Photography,Visual,
2023-06-05,3,The Last Sunset,Performance,Code,flexibility
2024-09-03,4,Mystic Melodies,Composition,Abstract,bandwidth-monitored
2024-04-11,4,The Midnight Sun,Performance,None,
2022-02-22,3,Echoes of Silence,Maintenance,None,open system
2022-06-28,3,The Midnight Sun,Composition,Audio,
2024-08-10,2,Mystic Melodies,Performance,Abstract,full-range
2023-04-14,4,Journey to the Stars,Performance,Audio,
2023-10-19,4,Starlight Symphony,Design,Code,
2024-01-05,2,The Enchanted Forest,Composition,Audio,Virtual
2024-02-27,1,The Secret Garden,Performance,Audio,Persevering
2025-04-07,4,Whispers of Hope,Photography,Abstract,
2024-08-14,1,Mystic Melodies,3D,Audio,
2025-02-28,4,Legends of the Sky,Performance,Visual,Extended
2023-10-08,4,The Midnight Sun,Linguistics,Audio,
2022-03-18,3,Dreams of Tomorrow,Composition,Audio,
2025-04-17,3,Echoes of Silence,Linguistics,Code,
2023-10-15,4,Echoes of Silence,Maintenance,Code,analyzing
2024-11-02,3,The Secret Sanctuary,Event,Abstract,
2022-01-05,2,The Enchanted Forest,2D,Abstract,hierarchy
2022-01-23,1,Legends of the Sea,Performance,Visual,standardization
2023-05-18,3,Legends of the Sea,Development,None,Proactive
2024-03-01,3,The Enchanted Mirror,Composition,Audio,
2022-10-28,2,Dreams of Tomorrow,2D,Abstract,Diverse
2022-03-07,3,Mystic Melodies,Composition,Audio,Expanded
2024-01-10,1,Journey to the Unknown,3D,None,
2022-11-05,2,Starlight Symphony,Composition,Abstract,
2022-07-05,4,Mystic Melodies,Performance,Audio,Ameliorated
2023-07-19,2,Journey to the Stars,Photography,Visual,even-keeled
2024-09-17,1,Journey to the Unknown,Linguistics,Audio,
2023-09-18,3,The Enchanted Mirror,Performance,Visual,contextually-based
2022-03-04,1,Mystic Moonlight,Composition,Audio,
2023-07-25,2,Mystic Melodies,Design,Abstract,groupware
2025-06-03,4,The Midnight Sun,Performance,Audio,
2022-07-13,2,The Enchanted Forest,Composition,Audio,
2023-04-10,2,The Enchanted Forest,3D,Audio,
2022-07-24,3,The Midnight Sun,None,Audio,Multi-tiered
2023-09-04,3,The Midnight Sun,Performance,Visual,Visionary
2025-01-11,2,The Midnight Sun,Composition,Visual,hybrid
2023-08-22,3,The Secret Sanctuary,Performance,Visual,
2024-06-26,1,Shadows of the Past,None,Abstract,optimal
2023-12-24,2,Dreams of Tomorrow,None,Abstract,real-time
2024-07-22,3,Mystic Melodies,Composition,Audio,intranet
2024-03-17,4,Mystic Melodies,Maintenance,Code,asymmetric
2024-01-15,4,Echoes of Silence,None,Visual,extranet
2022-08-22,4,Lost in Time,Design,None,service-desk
2024-03-28,4,The Midnight Sun,Photography,Abstract,composite
2025-03-06,1,Journey to the Unknown,Linguistics,Code,Upgradable
2022-10-10,4,Whispers in the Wind,Design,Audio,system-worthy
2024-11-30,1,Mystic Moonlight,2D,Audio,
2024-08-04,3,Mystic Melodies,Design,Abstract,Cross-platform
2023-06-26,1,The Secret Sanctuary,Photography,Visual,
2024-07-29,1,Lost in Time,Maintenance,Abstract,
2022-03-09,2,Echoes of Eternity,Research,Audio,Multi-channelled
2022-11-18,3,The Midnight Sun,Maintenance,Abstract,
2023-11-18,2,Echoes of Silence,3D,Audio,Intuitive
2023-10-07,2,Mystic Melodies,Composition,Audio,
2025-01-23,4,Echoes of Silence,Development,Abstract,mobile
2024-03-28,2,Lost in Time,None,Audio,
2023-07-28,3,Journey to the Stars,Event,Audio,
2022-07-27,4,Echoes of Silence,Design,Audio,
2024-05-10,3,Journey to the Stars,Maintenance,Visual,
2023-01-31,3,Shadows of the Past,Linguistics,Audio,
2022-02-20,3,Shadows of the Past,Performance,Abstract,Ameliorated
2025-02-24,2,The Midnight Sun,Composition,Abstract,Managed
2025-03-20,1,Journey to the Stars,2D,Abstract,
2022-09-08,1,The Forgotten Realm,Composition,Code,Triple-buffered
2022-07-21,4,Dreams of Serenity,Composition,Visual,Streamlined
2023-08-23,3,Shadows of the Past,Composition,Visual,Centralized
2024-04-07,4,Echoes of Eternity,Design,Abstract,
2022-07-03,2,The Enchanted Mirror,Writing,Audio,
2022-07-21,2,Shadows of the Past,Design,Visual,customer loyalty
2023-12-16,3,Lost in Time,Design,Audio,explicit
2022-12-04,4,Mystic Melodies,Maintenance,Audio,collaboration
2024-11-21,2,The Enchanted Mirror,Event,Abstract,
2025-05-21,1,Mystic Melodies,Performance,Visual,
2024-11-01,3,Lost in Time,2D,Audio,
2023-09-03,3,Lost in Time,Writing,Abstract,
2023-11-14,2,Whispers of Hope,Event,Audio,
2024-11-12,1,The Midnight Sun,Maintenance,Audio,
2022-02-04,2,Echoes of Silence,Performance,Audio,Persistent
2025-06-19,1,Journey to the Stars,Photography,Visual,Synchronised
2023-11-22,3,The Enchanted Forest,Photography,Abstract,Organized
2022-06-04,2,Echoes of Eternity,2D,Audio,
2023-07-22,3,Shadows of the Past,Design,Abstract,optimizing
2022-12-04,2,Lost in Time,Research,Audio,Customizable
2022-04-06,2,Whispers in the Dark,Design,Audio,encryption
2024-05-09,3,Echoes of Destiny,Composition,Visual,Team-oriented
2024-12-16,2,The Enchanted Forest,Research,Audio,
2023-08-14,4,Mystic Melodies,Maintenance,Abstract,logistical
2024-04-12,2,Mystic Melodies,Performance,Abstract,
2025-05-13,4,Mystic Moonlight,Design,None,
2022-02-23,4,Journey to the Stars,Photography,Code,Cloned
2022-03-07,3,Legends of the Sea,None,Audio,Pre-emptive
2025-05-18,2,Lost in Time,Composition,Audio,foreground
2023-02-14,4,Journey to the Stars,2D,Audio,Reduced
2025-03-06,4,Mystic Moonlight,Performance,None,composite
2022-06-09,2,Journey to the Stars,Writing,Abstract,
2023-07-25,3,Mystic Moonlight,Composition,Audio,
2023-01-27,3,Dreams of Tomorrow,Composition,Audio,
2022-04-01,2,Mystic Melodies,Composition,Audio,
2023-01-17,1,Echoes of Silence,Performance,Visual,Decentralized
2023-04-28,4,The Forgotten City,Research,Abstract,
2023-06-14,1,The Enchanted Forest,None,None,hybrid
2024-07-15,3,The Secret Garden,Photography,None,
2022-09-03,2,Mystic Moonlight,Maintenance,Audio,
2022-07-10,3,Lost in Time,Maintenance,Code,
2025-03-27,4,The Enchanted Forest,Design,Abstract,asymmetric
2024-10-20,4,Journey to the Stars,Development,Abstract,
2024-04-10,2,The Last Sunset,Composition,Audio,
2024-03-27,2,Whispers of Hope,Photography,Abstract,info-mediaries
2023-10-13,1,Echoes of the Heart,Design,Audio,radical
2023-11-03,2,Journey to the Stars,Maintenance,Visual,explicit
2023-10-22,3,The Secret Sanctuary,Performance,Visual,Quality-focused
2024-03-14,4,Echoes of Destiny,Maintenance,Abstract,Front-line
2025-07-03,1,The Enchanted Forest,Event,None,
2025-06-17,2,Lost in Time,Performance,Audio,
2022-01-16,2,The Enchanted Mirror,Maintenance,Abstract,
2024-11-11,3,The Forgotten City,Event,Abstract,
2024-09-23,2,Echoes of Silence,Design,Audio,
2022-06-23,4,Mystic Melodies,Photography,Visual,
2025-06-01,2,Echoes of Silence,Photography,Abstract,
2024-11-06,2,Mystic Melodies,Event,Abstract,
2025-01-25,4,The Secret Sanctuary,Photography,None,
2023-06-01,4,Shadows of the Past,Composition,None,
2023-01-10,3,Lost in Time,Performance,Audio,policy
2023-09-12,4,Echoes of Silence,Design,Audio,
2022-06-15,4,Echoes of Silence,Photography,Abstract,moratorium
2024-02-27,1,Mystic Moonlight,Maintenance,Code,Versatile
2024-06-18,1,Echoes of Silence,Performance,Audio,
2024-06-01,2,Shadows of the Past,Composition,Audio,
2023-03-15,4,Mystic Melodies,Performance,None,
2024-10-10,3,Journey to the Stars,Composition,Visual,
2024-11-09,3,Echoes of Silence,2D,Abstract,Progressive
2022-03-01,3,The Secret Sanctuary,Composition,Audio,
2023-11-12,3,The Midnight Sun,Composition,Code,
2024-07-11,3,Mystic Moonlight,Performance,Code,
2023-04-06,4,Shadows of the Past,Composition,Abstract,conglomeration
2024-09-15,4,The Enchanted Forest,None,Audio,Devolved
2024-07-25,1,Mystic Melodies,Research,Visual,
2024-10-31,2,The Forgotten Realm,Writing,Visual,
2024-02-17,3,Mystic Melodies,Event,Visual,
2024-06-22,3,The Midnight Sun,Linguistics,Visual,Adaptive
2023-08-27,3,Mystic Melodies,Photography,Abstract,foreground
2025-02-12,1,Mystic Melodies,Performance,Audio,
2025-05-20,1,Dreams of Serenity,Design,Abstract,
2023-04-15,2,Lost in Time,3D,Visual,Phased
2025-03-26,1,Starlight Symphony,3D,Visual,
2022-12-10,1,Mystic Melodies,Composition,Audio,
2024-01-25,2,The Enchanted Forest,Composition,Audio,adapter
2024-07-01,2,Mystic Melodies,Composition,Audio,functionalities
2022-03-12,4,Lost in Time,Performance,Abstract,
2025-04-03,1,Echoes of Silence,Linguistics,Abstract,demand-driven
2023-01-24,1,Shadows of the Past,Performance,Code,content-based
2022-03-24,2,The Enchanted Forest,Photography,Visual,
2025-05-31,1,Echoes of Silence,Design,Abstract,
2024-04-23,3,Dreams of Tomorrow,Linguistics,Audio,success
2024-04-14,1,Shadows of the Past,Maintenance,Visual,composite
2022-08-15,3,The Enchanted Forest,Linguistics,Abstract,flexibility
2023-08-01,3,Whispers of Hope,Linguistics,Abstract,Vision-oriented
2024-01-28,1,Starlight Serenade,Performance,Audio,
2023-12-03,1,The Hidden Path,Photography,Visual,
2023-12-16,4,Echoes of Destiny,Performance,Abstract,
2025-04-01,3,Mystic Moonlight,Composition,Abstract,
2022-01-01,1,Starlight Serenade,Performance,Abstract,regional
2024-07-31,3,The Midnight Sun,Performance,Audio,Decentralized
2022-02-11,3,The Enchanted Mirror,Maintenance,Visual,needs-based
2023-06-01,3,Journey to the Stars,Linguistics,Abstract,extranet
2023-05-20,2,Lost in Time,Event,Abstract,
2022-08-30,3,Mystic Moonlight,Maintenance,Audio,
2023-11-27,4,Shadows of the Past,Maintenance,Audio,fault-tolerant
2022-10-07,3,Echoes of Destiny,Performance,Visual,
2024-07-26,1,The Enchanted Forest,Design,Audio,Ameliorated
2022-01-13,2,Mystic Moonlight,2D,Code,Advanced
2024-01-20,3,Lost in Time,Research,Abstract,Digitized
2024-08-24,1,Echoes of Silence,Writing,Abstract,
2024-06-20,2,Shadows of the Past,Composition,Audio,hierarchy
2025-01-18,1,Mystic Melodies,Linguistics,Abstract,internet solution
2025-04-07,3,Echoes of Silence,Linguistics,Visual,encoding
2025-04-24,2,The Midnight Sun,Maintenance,Visual,Balanced
2024-02-13,4,Echoes of Eternity,Design,Visual,asynchronous
2023-01-16,2,Whispers in the Wind,Composition,Audio,
2023-01-07,4,Lost in Time,Design,Abstract,portal
2023-06-13,1,Lost in Time,Linguistics,Visual,Progressive
2023-10-16,2,The Enchanted Forest,Composition,Audio,Realigned
2024-12-06,3,Lost in Time,Design,Audio,
2022-02-01,2,Echoes of Silence,Performance,Abstract,encompassing
2022-08-04,3,Starlight Symphony,Research,Visual,bottom-line
2022-02-27,4,Echoes of Silence,Maintenance,Code,open architecture
2024-08-14,3,Mystic Moonlight,Photography,Abstract,disintermediate
2022-05-17,2,Mystic Melodies,2D,Abstract,algorithm
2023-07-23,1,Whispers of Hope,Maintenance,Audio,
2023-04-12,2,Mystic Melodies,Photography,Visual,context-sensitive
2022-11-13,2,The Enchanted Mirror,Photography,Abstract,neural-net
2023-02-01,3,The Hidden Path,Writing,Visual,Automated
2023-09-28,3,The Forgotten Realm,Performance,Audio,productivity
2023-12-26,2,The Midnight Sun,Photography,Abstract,
2025-01-06,3,Dreams of Tomorrow,Performance,Audio,firmware
2024-07-30,1,Mystic Melodies,Design,Abstract,neural-net
2022-07-02,2,The Midnight Sun,Performance,None,moderator
2022-08-25,3,Echoes of Silence,Performance,Abstract,orchestration
2024-09-19,2,Echoes of Silence,Linguistics,Visual,
2024-06-28,2,Mystic Melodies,Photography,Visual,
2024-12-03,2,Mystic Melodies,2D,Audio,
2024-12-11,3,Dreams of Tomorrow,Maintenance,Abstract,
2022-01-21,4,The Secret Sanctuary,Design,Visual,
2024-01-02,4,The Secret Sanctuary,Composition,Abstract,capacity
2023-10-27,2,The Midnight Sun,Maintenance,Abstract,
2024-12-23,4,Shadows of the Past,Linguistics,Visual,Expanded
2025-02-18,1,Journey to the Stars,Linguistics,Audio,radical
2022-08-15,3,The Midnight Sun,Design,Abstract,intranet
2022-11-12,4,Mystic Melodies,Composition,Visual,
2022-10-22,4,Echoes of Silence,2D,Audio,
2024-08-07,3,Lost in Time,Design,Abstract,
2023-12-18,2,Legends of the Sky,Research,Audio,grid-enabled
2022-10-21,1,The Enchanted Mirror,Photography,Audio,
2025-02-05,3,Mystic Melodies,Performance,Audio,
2024-04-08,3,Mystic Melodies,None,Abstract,Self-enabling
2022-05-12,3,The Forgotten City,Maintenance,Abstract,Organic
2024-07-09,2,The Secret Sanctuary,3D,Abstract,
2024-11-15,2,Mystic Melodies,Maintenance,Abstract,zero defect
2024-02-28,1,Mystic Melodies,Writing,Code,
2022-08-07,1,Echoes of Silence,Composition,Visual,
2022-08-09,4,The Enchanted Forest,Composition,Abstract,
2023-12-02,3,The Last Sunset,Linguistics,Audio,zero tolerance
2022-11-13,4,Mystic Melodies,Maintenance,None,challenge
2022-03-26,1,The Enchanted Forest,Performance,Abstract,content-based
2022-10-12,3,Mystic Melodies,Maintenance,Abstract,systemic
2022-09-22,4,The Secret Sanctuary,Composition,Audio,superstructure
2024-02-16,3,Echoes of Silence,Photography,Visual,empowering
2025-03-10,1,Dreams of Tomorrow,Performance,Abstract,
2025-01-25,2,The Last Sunset,Design,Abstract,Triple-buffered
2023-04-12,1,Echoes of Silence,Maintenance,Abstract,
2024-11-28,4,Echoes of the Heart,Photography,Audio,Automated
2024-03-23,3,The Hidden Path,Composition,Abstract,
2023-12-26,3,The Enchanted Forest,Research,Audio,asynchronous
2024-05-08,3,Starlight Serenade,Photography,Audio,
2025-04-06,1,Mystic Melodies,Linguistics,Abstract,application
2024-08-15,2,Lost in Time,Performance,Abstract,
2022-10-13,4,The Midnight Sun,Writing,Abstract,
2024-02-21,3,The Secret Garden,Performance,Audio,protocol
2025-03-21,2,Starlight Serenade,Linguistics,Abstract,asymmetric
2022-08-08,1,Mystic Melodies,Development,Abstract,
2023-10-06,2,The Secret Garden,Performance,Audio,
2022-07-26,1,Echoes of Destiny,Maintenance,Audio,
2022-09-12,3,Journey to the Stars,Research,Abstract,
2023-07-09,1,Echoes of Silence,Performance,Abstract,hybrid
2022-05-08,2,Mystic Moonlight,Development,Audio,knowledge base
2022-12-05,3,Mystic Moonlight,Composition,Code,
2024-02-25,2,Mystic Melodies,Photography,None,budgetary management
2025-03-30,1,Lost in Time,Maintenance,Abstract,solution-oriented
2022-08-12,3,Mystic Moonlight,Maintenance,Audio,
2024-06-20,2,Shadows of the Past,Maintenance,Abstract,hierarchy
2023-08-17,4,Legends of the Sky,Composition,None,Exclusive
2022-10-30,1,The Secret Garden,Design,Audio,4th generation
2024-08-23,2,Mystic Melodies,Photography,Audio,
2022-04-10,1,Dreams of Tomorrow,Writing,None,
2022-10-25,1,Whispers in the Wind,Performance,Audio,circuit
2024-11-15,3,Echoes of Silence,Design,Abstract,time-frame
2024-09-17,2,The Enchanted Forest,Performance,Visual,
2023-11-20,1,Mystic Melodies,Maintenance,Audio,
2022-01-14,3,Mystic Melodies,Composition,Visual,
2023-11-29,2,Shadows of the Past,Design,Audio,multimedia
2023-06-02,2,Echoes of Silence,Performance,Abstract,
2024-04-08,1,The Last Sunset,Photography,Code,
2023-05-27,3,Journey to the Stars,Composition,Audio,
2024-12-02,2,Mystic Melodies,Linguistics,Visual,Business-focused
2023-08-30,4,Whispers of the Soul,Performance,Audio,
2024-03-31,3,Lost in Time,Design,Audio,application
2022-02-03,1,Mystic Melodies,Photography,Audio,product
2023-02-09,2,Echoes of Silence,Design,Visual,
2022-05-19,3,Legends of the Sky,Composition,Audio,framework
2022-02-24,3,Shadows of the Past,Composition,Visual,web-enabled
2022-08-13,4,Journey to the Stars,Development,Abstract,
2024-09-12,2,The Midnight Sun,2D,Abstract,multi-state
2022-08-29,2,Dreams of Tomorrow,Writing,Abstract,interface
2023-04-22,4,The Enchanted Forest,Composition,None,
2023-10-10,4,Mystic Moonlight,Linguistics,Audio,Graphical User Interface
2023-02-13,3,Starlight Serenade,Research,Audio,
2025-03-03,2,Echoes of Silence,Design,None,zero tolerance
2024-01-07,2,Mystic Moonlight,Design,Abstract,model
2024-06-26,3,Lost in Time,Design,None,
2024-02-22,4,Lost in Time,Performance,Abstract,orchestration
2022-09-20,4,Mystic Melodies,Linguistics,Abstract,
2025-02-18,2,Whispers of the Soul,Composition,Audio,workforce
2023-07-19,2,Mystic Melodies,Photography,Abstract,
2024-07-17,3,The Enchanted Mirror,Writing,Audio,
2023-10-29,3,Whispers of Wisdom,Design,Audio,
2023-09-30,3,The Forgotten Realm,Maintenance,Visual,paradigm
2024-04-29,1,Echoes of Eternity,2D,Code,
2022-04-15,4,Echoes of Destiny,Research,Audio,
2022-03-31,2,The Enchanted Mirror,Performance,Abstract,Function-based
2022-03-09,1,Mystic Moonlight,Maintenance,Audio,
2023-12-17,3,Whispers of the Soul,Photography,Visual,Grass-roots
2024-01-20,1,The Enchanted Mirror,Composition,Audio,intermediate
2024-05-31,2,Legends of the Sky,Development,Abstract,
2022-01-12,3,Mystic Melodies,Photography,Visual,
2022-07-27,4,Echoes of Silence,Design,Audio,
2024-05-22,4,Echoes of Silence,Performance,Audio,
2024-03-23,4,The Midnight Sun,Maintenance,Abstract,
2024-03-25,1,Echoes of the Heart,Composition,Audio,
2024-05-18,1,Shadows of the Past,Development,Abstract,asymmetric
2023-04-13,4,Mystic Melodies,Maintenance,Abstract,
2025-06-13,2,Echoes of Silence,Maintenance,Audio,
2022-12-14,4,The Enchanted Forest,Composition,Abstract,optimal
2023-04-28,3,The Enchanted Forest,Composition,None,Front-line
2025-04-24,3,Whispers of Wisdom,Performance,Abstract,
2025-02-05,3,Echoes of Silence,Composition,Abstract,
2022-12-07,2,Journey to the Stars,Design,Abstract,standardization
2022-09-02,4,The Midnight Sun,Design,Abstract,Triple-buffered
2024-12-04,4,Echoes of Silence,Writing,Abstract,fault-tolerant
2025-04-01,2,Lost in Time,Design,Visual,
2022-01-20,4,The Enchanted Mirror,Writing,Abstract,local
2024-02-02,3,The Forgotten City,Composition,Audio,orchestration
2022-04-25,3,Dreams of Tomorrow,Composition,Audio,zero tolerance
2022-09-05,4,Legends of the Sea,Design,Abstract,
2025-04-28,2,Dreams of Tomorrow,Design,Abstract,
2023-07-02,4,Mystic Melodies,Maintenance,Audio,leverage
2023-11-15,3,Whispers in the Wind,Performance,Abstract,24/7
2024-05-14,1,Lost in Time,2D,Audio,
2022-09-03,2,The Midnight Sun,Composition,Audio,
2022-01-13,1,Shadows of the Past,Maintenance,Audio,Sharable
2023-04-30,4,Shadows of the Past,Composition,Audio,impactful
2022-04-10,4,Journey to the Stars,Linguistics,Audio,explicit
2022-11-07,2,The Enchanted Mirror,Design,Code,analyzer
2025-02-15,4,The Midnight Sun,Performance,Audio,Graphic Interface
2024-01-18,2,Starlight Serenade,2D,Abstract,
2024-12-31,3,The Enchanted Forest,Performance,Abstract,upward-trending
2024-08-09,3,Mystic Moonlight,Performance,Audio,firmware
2024-12-03,4,Journey to the Stars,Performance,Audio,
2023-10-06,1,Journey to the Unknown,Design,Audio,
2023-10-01,1,Whispers of the Soul,Composition,Audio,interface
2025-04-05,1,Mystic Moonlight,Research,Audio,function
2023-07-14,1,Shadows of the Past,2D,None,
